Bug ID,File
CASSANDRA-19880,CHANGES.txt
CASSANDRA-19880,src/java/org/apache/cassandra/transport/messages/ExecuteMessage.java
CASSANDRA-19880,test/unit/org/apache/cassandra/cql3/TraceCqlTest.java
CASSANDRA-19820,test/unit/org/apache/cassandra/repair/FuzzTestBase.java
CASSANDRA-19804,src/java/org/apache/cassandra/net/MessagingService.java
CASSANDRA-19794,src/java/org/apache/cassandra/locator/CMSPlacementStrategy.java
CASSANDRA-19794,src/java/org/apache/cassandra/tcm/transformations/cms/PrepareCMSReconfiguration.java
CASSANDRA-19794,test/simulator/main/org/apache/cassandra/simulator/cluster/OnClusterLeave.java
CASSANDRA-19794,test/simulator/main/org/apache/cassandra/simulator/cluster/OnClusterReplace.java
CASSANDRA-19782,CHANGES.txt
CASSANDRA-19782,src/java/org/apache/cassandra/tcm/listeners/LegacyStateListener.java
CASSANDRA-19782,test/distributed/org/apache/cassandra/distributed/test/hostreplacement/HostReplacementTest.java
CASSANDRA-19767,doc/scripts/convert_yaml_to_adoc.py
CASSANDRA-19755,src/java/org/apache/cassandra/service/StorageProxy.java
CASSANDRA-19755,src/java/org/apache/cassandra/service/paxos/Paxos.java
CASSANDRA-19755,test/distributed/org/apache/cassandra/distributed/test/metrics/CoordinatorReadLatencyMetricTest.java
CASSANDRA-19747,CHANGES.txt
CASSANDRA-19747,src/java/org/apache/cassandra/schema/TableMetadata.java
CASSANDRA-19747,test/unit/org/apache/cassandra/db/SchemaCQLHelperTest.java
CASSANDRA-19704,CHANGES.txt
CASSANDRA-19704,src/java/org/apache/cassandra/db/compaction/LeveledCompactionTask.java
CASSANDRA-19704,test/distributed/org/apache/cassandra/distributed/test/LeveledCompactionTaskTest.java
CASSANDRA-19693,CHANGES.txt
CASSANDRA-19693,test/distributed/org/apache/cassandra/fuzz/sai/MultiNodeSAITest.java
CASSANDRA-19693,test/harry/main/org/apache/cassandra/harry/sut/injvm/InJvmSutBase.java
CASSANDRA-19668,CHANGES.txt
CASSANDRA-19668,src/java/org/apache/cassandra/service/paxos/uncommitted/PaxosUncommittedIndex.java
CASSANDRA-19632,CHANGES.txt
CASSANDRA-19632,src/java/org/apache/cassandra/auth/jmx/AuthorizationProxy.java
CASSANDRA-19632,src/java/org/apache/cassandra/batchlog/BatchlogManager.java
CASSANDRA-19632,src/java/org/apache/cassandra/cql3/functions/JavaBasedUDFunction.java
CASSANDRA-19632,src/java/org/apache/cassandra/cql3/functions/types/CodecRegistry.java
CASSANDRA-19632,src/java/org/apache/cassandra/db/ColumnFamilyStore.java
CASSANDRA-19632,src/java/org/apache/cassandra/db/Directories.java
CASSANDRA-19632,src/java/org/apache/cassandra/db/DiskBoundaryManager.java
CASSANDRA-19632,src/java/org/apache/cassandra/db/TruncateVerbHandler.java
CASSANDRA-19632,src/java/org/apache/cassandra/db/commitlog/CommitLog.java
CASSANDRA-19632,src/java/org/apache/cassandra/db/commitlog/CommitLogArchiver.java
CASSANDRA-19632,src/java/org/apache/cassandra/db/commitlog/CommitLogReader.java
CASSANDRA-19632,src/java/org/apache/cassandra/db/compaction/CompactionController.java
CASSANDRA-19632,src/java/org/apache/cassandra/db/compaction/CompactionManager.java
CASSANDRA-19632,src/java/org/apache/cassandra/db/compaction/CompactionStrategyManager.java
CASSANDRA-19632,src/java/org/apache/cassandra/db/compaction/UnifiedCompactionStrategy.java
CASSANDRA-19632,src/java/org/apache/cassandra/db/lifecycle/LifecycleTransaction.java
CASSANDRA-19632,src/java/org/apache/cassandra/db/lifecycle/LogTransaction.java
CASSANDRA-19632,src/java/org/apache/cassandra/db/memtable/SkipListMemtable.java
CASSANDRA-19632,src/java/org/apache/cassandra/db/streaming/CassandraCompressedStreamReader.java
CASSANDRA-19632,src/java/org/apache/cassandra/diag/DiagnosticEventPersistence.java
CASSANDRA-19632,src/java/org/apache/cassandra/gms/FailureDetector.java
CASSANDRA-19632,src/java/org/apache/cassandra/gms/GossipDigestAck2VerbHandler.java
CASSANDRA-19632,src/java/org/apache/cassandra/gms/GossipDigestAckVerbHandler.java
CASSANDRA-19632,src/java/org/apache/cassandra/gms/GossipDigestSynVerbHandler.java
CASSANDRA-19632,src/java/org/apache/cassandra/gms/Gossiper.java
CASSANDRA-19632,src/java/org/apache/cassandra/hints/HintVerbHandler.java
CASSANDRA-19632,src/java/org/apache/cassandra/hints/HintsDispatchExecutor.java
CASSANDRA-19632,src/java/org/apache/cassandra/index/SecondaryIndexManager.java
CASSANDRA-19632,src/java/org/apache/cassandra/index/sai/disk/v1/segment/VectorIndexSegmentSearcher.java
CASSANDRA-19632,src/java/org/apache/cassandra/index/sai/memory/TrieMemoryIndex.java
CASSANDRA-19632,src/java/org/apache/cassandra/io/sstable/format/FilterComponent.java
CASSANDRA-19632,src/java/org/apache/cassandra/io/sstable/format/SSTableReader.java
CASSANDRA-19632,src/java/org/apache/cassandra/io/sstable/format/SortedTableWriter.java
CASSANDRA-19632,src/java/org/apache/cassandra/io/sstable/format/big/BigTableWriter.java
CASSANDRA-19632,src/java/org/apache/cassandra/io/sstable/indexsummary/IndexSummaryRedistribution.java
CASSANDRA-19632,src/java/org/apache/cassandra/io/sstable/metadata/MetadataSerializer.java
CASSANDRA-19632,src/java/org/apache/cassandra/io/util/FileUtils.java
CASSANDRA-19632,src/java/org/apache/cassandra/locator/ReplicaPlans.java
CASSANDRA-19632,src/java/org/apache/cassandra/net/AsyncStreamingOutputPlus.java
CASSANDRA-19632,src/java/org/apache/cassandra/net/InboundConnectionInitiator.java
CASSANDRA-19632,src/java/org/apache/cassandra/net/OutboundConnectionInitiator.java
CASSANDRA-19632,src/java/org/apache/cassandra/net/ResponseVerbHandler.java
CASSANDRA-19632,src/java/org/apache/cassandra/repair/RepairJob.java
CASSANDRA-19632,src/java/org/apache/cassandra/repair/asymmetric/RangeDenormalizer.java
CASSANDRA-19632,src/java/org/apache/cassandra/repair/consistent/CoordinatorSession.java
CASSANDRA-19632,src/java/org/apache/cassandra/repair/consistent/LocalSessions.java
CASSANDRA-19632,src/java/org/apache/cassandra/service/LoadBroadcaster.java
CASSANDRA-19632,src/java/org/apache/cassandra/service/StorageProxy.java
CASSANDRA-19632,src/java/org/apache/cassandra/service/disk/usage/DiskUsageBroadcaster.java
CASSANDRA-19632,src/java/org/apache/cassandra/service/reads/range/RangeCommandIterator.java
CASSANDRA-19632,src/java/org/apache/cassandra/service/reads/range/RangeCommands.java
CASSANDRA-19632,src/java/org/apache/cassandra/service/snapshot/SnapshotLoader.java
CASSANDRA-19632,src/java/org/apache/cassandra/tcm/FetchCMSLog.java
CASSANDRA-19632,src/java/org/apache/cassandra/tracing/TraceStateImpl.java
CASSANDRA-19632,src/java/org/apache/cassandra/transport/CQLMessageHandler.java
CASSANDRA-19632,src/java/org/apache/cassandra/transport/PreV5Handlers.java
CASSANDRA-19632,src/java/org/apache/cassandra/utils/memory/MemtableAllocator.java
CASSANDRA-19632,src/java/org/apache/cassandra/utils/memory/MemtableCleanerThread.java
CASSANDRA-19632,src/java/org/apache/cassandra/utils/memory/SlabAllocator.java
CASSANDRA-19617,CHANGES.txt
CASSANDRA-19617,src/java/org/apache/cassandra/db/ColumnFamilyStore.java
CASSANDRA-19617,src/java/org/apache/cassandra/db/Keyspace.java
CASSANDRA-19617,src/java/org/apache/cassandra/db/SystemKeyspace.java
CASSANDRA-19617,src/java/org/apache/cassandra/db/compaction/CompactionIterator.java
CASSANDRA-19617,src/java/org/apache/cassandra/service/paxos/Commit.java
CASSANDRA-19617,src/java/org/apache/cassandra/service/paxos/PaxosPrepare.java
CASSANDRA-19617,src/java/org/apache/cassandra/service/paxos/uncommitted/PaxosRows.java
CASSANDRA-19617,test/distributed/org/apache/cassandra/distributed/test/CasWriteTest.java
CASSANDRA-19617,test/unit/org/apache/cassandra/service/paxos/PaxosStateTest.java
CASSANDRA-19617,CHANGES.txt
CASSANDRA-19617,src/java/org/apache/cassandra/db/ColumnFamilyStore.java
CASSANDRA-19617,src/java/org/apache/cassandra/db/Keyspace.java
CASSANDRA-19617,src/java/org/apache/cassandra/db/SystemKeyspace.java
CASSANDRA-19617,src/java/org/apache/cassandra/db/compaction/CompactionIterator.java
CASSANDRA-19617,src/java/org/apache/cassandra/service/paxos/Commit.java
CASSANDRA-19617,src/java/org/apache/cassandra/service/paxos/PaxosPrepare.java
CASSANDRA-19617,src/java/org/apache/cassandra/service/paxos/uncommitted/PaxosRows.java
CASSANDRA-19617,test/distributed/org/apache/cassandra/distributed/test/CasWriteTest.java
CASSANDRA-19617,test/unit/org/apache/cassandra/service/paxos/PaxosStateTest.java
CASSANDRA-19617,test/unit/org/apache/cassandra/streaming/StreamSessionTest.java
CASSANDRA-19606,.build/docker/bullseye-build.docker
CASSANDRA-19567,CHANGES.txt
CASSANDRA-19567,src/java/org/apache/cassandra/db/ColumnFamilyStore.java
CASSANDRA-19567,src/java/org/apache/cassandra/db/memtable/Memtable.java
CASSANDRA-19567,src/java/org/apache/cassandra/db/memtable/TrieMemtable.java
CASSANDRA-19567,src/java/org/apache/cassandra/db/virtual/walker/CounterMetricRowWalker.java
CASSANDRA-19567,src/java/org/apache/cassandra/db/virtual/walker/GaugeMetricRowWalker.java
CASSANDRA-19567,src/java/org/apache/cassandra/db/virtual/walker/HistogramMetricRowWalker.java
CASSANDRA-19567,src/java/org/apache/cassandra/db/virtual/walker/MeterMetricRowWalker.java
CASSANDRA-19567,src/java/org/apache/cassandra/db/virtual/walker/MetricGroupRowWalker.java
CASSANDRA-19567,src/java/org/apache/cassandra/db/virtual/walker/MetricRowWalker.java
CASSANDRA-19567,src/java/org/apache/cassandra/db/virtual/walker/ThreadPoolRowWalker.java
CASSANDRA-19567,src/java/org/apache/cassandra/db/virtual/walker/TimerMetricRowWalker.java
CASSANDRA-19567,src/java/org/apache/cassandra/index/sai/metrics/AbstractMetrics.java
CASSANDRA-19567,src/java/org/apache/cassandra/index/sai/metrics/ColumnQueryMetrics.java
CASSANDRA-19567,src/java/org/apache/cassandra/metrics/CassandraMetricsRegistry.java
CASSANDRA-19567,src/java/org/apache/cassandra/metrics/ClientMetrics.java
CASSANDRA-19567,src/java/org/apache/cassandra/metrics/KeyspaceMetrics.java
CASSANDRA-19567,src/java/org/apache/cassandra/metrics/TableMetrics.java
CASSANDRA-19567,src/java/org/apache/cassandra/metrics/TrieMemtableMetricsView.java
CASSANDRA-19567,src/java/org/apache/cassandra/service/NativeTransportService.java
CASSANDRA-19567,test/unit/org/apache/cassandra/db/virtual/walker/CollectionEntryTestRowWalker.java
CASSANDRA-19567,test/unit/org/apache/cassandra/db/virtual/walker/PartitionEntryTestRowWalker.java
CASSANDRA-19567,test/unit/org/apache/cassandra/metrics/CassandraMetricsRegistryTest.java
CASSANDRA-19557,CHANGES.txt
CASSANDRA-19557,src/java/org/apache/cassandra/io/sstable/format/big/IndexState.java
CASSANDRA-19538,src/java/org/apache/cassandra/tcm/MultiStepOperation.java
CASSANDRA-19538,src/java/org/apache/cassandra/tcm/ownership/DataPlacement.java
CASSANDRA-19538,src/java/org/apache/cassandra/tcm/ownership/DataPlacements.java
CASSANDRA-19538,src/java/org/apache/cassandra/tcm/ownership/PlacementForRange.java
CASSANDRA-19538,src/java/org/apache/cassandra/tcm/ownership/VersionedEndpoints.java
CASSANDRA-19532,CHANGES.txt
CASSANDRA-19532,conf/cassandra.yaml
CASSANDRA-19532,conf/cassandra_latest.yaml
CASSANDRA-19532,doc/modules/cassandra/pages/developing/cql/triggers.adoc
CASSANDRA-19532,src/java/org/apache/cassandra/config/Config.java
CASSANDRA-19532,src/java/org/apache/cassandra/config/DatabaseDescriptor.java
CASSANDRA-19532,src/java/org/apache/cassandra/cql3/statements/schema/CreateTriggerStatement.java
CASSANDRA-19532,src/java/org/apache/cassandra/triggers/TriggerDisabledException.java
CASSANDRA-19532,src/java/org/apache/cassandra/triggers/TriggerExecutor.java
CASSANDRA-19532,test/unit/org/apache/cassandra/config/DatabaseDescriptorRefTest.java
CASSANDRA-19532,test/unit/org/apache/cassandra/triggers/TriggersTest.java
CASSANDRA-19517,CHANGES.txt
CASSANDRA-19517,src/java/org/apache/cassandra/net/Message.java
CASSANDRA-19517,src/java/org/apache/cassandra/net/MessageFlag.java
CASSANDRA-19517,src/java/org/apache/cassandra/net/MessagingService.java
CASSANDRA-19517,src/java/org/apache/cassandra/net/OutboundConnections.java
CASSANDRA-19517,src/java/org/apache/cassandra/net/Verb.java
CASSANDRA-19517,src/java/org/apache/cassandra/schema/Keyspaces.java
CASSANDRA-19517,src/java/org/apache/cassandra/service/paxos/Paxos.java
CASSANDRA-19517,src/java/org/apache/cassandra/service/paxos/PaxosCommit.java
CASSANDRA-19517,src/java/org/apache/cassandra/service/paxos/PaxosCommitAndPrepare.java
CASSANDRA-19517,src/java/org/apache/cassandra/service/paxos/PaxosPrepare.java
CASSANDRA-19517,src/java/org/apache/cassandra/service/paxos/PaxosPrepareRefresh.java
CASSANDRA-19517,src/java/org/apache/cassandra/service/paxos/PaxosPropose.java
CASSANDRA-19517,src/java/org/apache/cassandra/service/paxos/PaxosRepair.java
CASSANDRA-19517,src/java/org/apache/cassandra/service/paxos/cleanup/PaxosCleanup.java
CASSANDRA-19517,src/java/org/apache/cassandra/service/paxos/cleanup/PaxosCleanupComplete.java
CASSANDRA-19517,src/java/org/apache/cassandra/service/paxos/cleanup/PaxosCleanupRequest.java
CASSANDRA-19517,src/java/org/apache/cassandra/service/paxos/cleanup/PaxosCleanupSession.java
CASSANDRA-19517,src/java/org/apache/cassandra/service/paxos/cleanup/PaxosFinishPrepareCleanup.java
CASSANDRA-19517,src/java/org/apache/cassandra/service/paxos/cleanup/PaxosStartPrepareCleanup.java
CASSANDRA-19517,test/distributed/org/apache/cassandra/distributed/impl/Instance.java
CASSANDRA-19517,test/distributed/org/apache/cassandra/distributed/test/ring/CMSUrgentMessagesTest.java
CASSANDRA-19508,CHANGES.txt
CASSANDRA-19508,src/java/org/apache/cassandra/transport/ServerConnection.java
CASSANDRA-19482,CHANGES.txt
CASSANDRA-19482,src/java/org/apache/cassandra/db/PartitionPosition.java
CASSANDRA-19482,src/java/org/apache/cassandra/db/SystemKeyspace.java
CASSANDRA-19482,src/java/org/apache/cassandra/db/virtual/ClusterMetadataLogTable.java
CASSANDRA-19482,src/java/org/apache/cassandra/dht/AbstractBounds.java
CASSANDRA-19482,src/java/org/apache/cassandra/dht/IPartitioner.java
CASSANDRA-19482,src/java/org/apache/cassandra/dht/IPartitionerDependentSerializer.java
CASSANDRA-19482,src/java/org/apache/cassandra/dht/ReversedLongLocalPartitioner.java
CASSANDRA-19482,src/java/org/apache/cassandra/dht/Token.java
CASSANDRA-19482,src/java/org/apache/cassandra/locator/CMSPlacementStrategy.java
CASSANDRA-19482,src/java/org/apache/cassandra/locator/EndpointsByReplica.java
CASSANDRA-19482,src/java/org/apache/cassandra/locator/LocalStrategy.java
CASSANDRA-19482,src/java/org/apache/cassandra/locator/MetaStrategy.java
CASSANDRA-19482,src/java/org/apache/cassandra/locator/Replica.java
CASSANDRA-19482,src/java/org/apache/cassandra/repair/RepairJobDesc.java
CASSANDRA-19482,src/java/org/apache/cassandra/repair/messages/PrepareMessage.java
CASSANDRA-19482,src/java/org/apache/cassandra/repair/messages/SyncRequest.java
CASSANDRA-19482,src/java/org/apache/cassandra/schema/DistributedMetadataLogKeyspace.java
CASSANDRA-19482,src/java/org/apache/cassandra/service/ActiveRepairService.java
CASSANDRA-19482,src/java/org/apache/cassandra/service/StorageService.java
CASSANDRA-19482,src/java/org/apache/cassandra/service/paxos/Paxos.java
CASSANDRA-19482,src/java/org/apache/cassandra/service/paxos/PaxosRepair.java
CASSANDRA-19482,src/java/org/apache/cassandra/service/paxos/uncommitted/UncommittedTableData.java
CASSANDRA-19482,src/java/org/apache/cassandra/service/reads/range/ReplicaPlanIterator.java
CASSANDRA-19482,src/java/org/apache/cassandra/streaming/StreamRequest.java
CASSANDRA-19482,src/java/org/apache/cassandra/tcm/AbstractLocalProcessor.java
CASSANDRA-19482,src/java/org/apache/cassandra/tcm/AtomicLongBackedProcessor.java
CASSANDRA-19482,src/java/org/apache/cassandra/tcm/CMSOperations.java
CASSANDRA-19482,src/java/org/apache/cassandra/tcm/CMSOperationsMBean.java
CASSANDRA-19482,src/java/org/apache/cassandra/tcm/ClusterMetadata.java
CASSANDRA-19482,src/java/org/apache/cassandra/tcm/ClusterMetadataService.java
CASSANDRA-19482,src/java/org/apache/cassandra/tcm/FetchPeerLog.java
CASSANDRA-19482,src/java/org/apache/cassandra/tcm/MetadataSnapshots.java
CASSANDRA-19482,src/java/org/apache/cassandra/tcm/PaxosBackedProcessor.java
CASSANDRA-19482,src/java/org/apache/cassandra/tcm/Period.java
CASSANDRA-19482,src/java/org/apache/cassandra/tcm/Startup.java
CASSANDRA-19482,src/java/org/apache/cassandra/tcm/Transformation.java
CASSANDRA-19482,src/java/org/apache/cassandra/tcm/compatibility/GossipHelper.java
CASSANDRA-19482,src/java/org/apache/cassandra/tcm/listeners/MetadataSnapshotListener.java
CASSANDRA-19482,src/java/org/apache/cassandra/tcm/log/LocalLog.java
CASSANDRA-19482,src/java/org/apache/cassandra/tcm/log/LogReader.java
CASSANDRA-19482,src/java/org/apache/cassandra/tcm/log/LogStorage.java
CASSANDRA-19482,src/java/org/apache/cassandra/tcm/log/SystemKeyspaceStorage.java
CASSANDRA-19482,src/java/org/apache/cassandra/tcm/ownership/DataPlacement.java
CASSANDRA-19482,src/java/org/apache/cassandra/tcm/ownership/DataPlacements.java
CASSANDRA-19482,src/java/org/apache/cassandra/tcm/ownership/EntireRange.java
CASSANDRA-19482,src/java/org/apache/cassandra/tcm/ownership/MovementMap.java
CASSANDRA-19482,src/java/org/apache/cassandra/tcm/ownership/PlacementForRange.java
CASSANDRA-19482,src/java/org/apache/cassandra/tcm/sequences/CancelCMSReconfiguration.java
CASSANDRA-19482,src/java/org/apache/cassandra/tcm/sequences/ReconfigureCMS.java
CASSANDRA-19482,src/java/org/apache/cassandra/tcm/serialization/PartitionerAwareMetadataSerializer.java
CASSANDRA-19482,src/java/org/apache/cassandra/tcm/transformations/Startup.java
CASSANDRA-19482,src/java/org/apache/cassandra/tcm/transformations/TriggerSnapshot.java
CASSANDRA-19482,src/java/org/apache/cassandra/tcm/transformations/cms/AdvanceCMSReconfiguration.java
CASSANDRA-19482,src/java/org/apache/cassandra/tcm/transformations/cms/BaseMembershipTransformation.java
CASSANDRA-19482,src/java/org/apache/cassandra/tcm/transformations/cms/FinishAddToCMS.java
CASSANDRA-19482,src/java/org/apache/cassandra/tcm/transformations/cms/Initialize.java
CASSANDRA-19482,src/java/org/apache/cassandra/tcm/transformations/cms/PreInitialize.java
CASSANDRA-19482,src/java/org/apache/cassandra/tcm/transformations/cms/PrepareCMSReconfiguration.java
CASSANDRA-19482,src/java/org/apache/cassandra/tcm/transformations/cms/RemoveFromCMS.java
CASSANDRA-19482,src/java/org/apache/cassandra/tcm/transformations/cms/StartAddToCMS.java
CASSANDRA-19482,src/java/org/apache/cassandra/tools/NodeTool.java
CASSANDRA-19482,src/java/org/apache/cassandra/tools/TransformClusterMetadataHelper.java
CASSANDRA-19482,src/java/org/apache/cassandra/tools/nodetool/CMSAdmin.java
CASSANDRA-19482,src/java/org/apache/cassandra/tools/nodetool/SealPeriod.java
CASSANDRA-19482,test/data/serialization/5.1/service.SyncComplete.bin
CASSANDRA-19482,test/data/serialization/5.1/service.SyncRequest.bin
CASSANDRA-19482,test/data/serialization/5.1/service.ValidationComplete.bin
CASSANDRA-19482,test/data/serialization/5.1/service.ValidationRequest.bin
CASSANDRA-19482,test/distributed/org/apache/cassandra/distributed/shared/ClusterUtils.java
CASSANDRA-19482,test/distributed/org/apache/cassandra/distributed/test/log/BootWithMetadataTest.java
CASSANDRA-19482,test/distributed/org/apache/cassandra/distributed/test/log/CMSTestBase.java
CASSANDRA-19482,test/distributed/org/apache/cassandra/distributed/test/log/ClusterMetadataTestHelper.java
CASSANDRA-19482,test/distributed/org/apache/cassandra/distributed/test/log/CoordinatorPathTestBase.java
CASSANDRA-19482,test/distributed/org/apache/cassandra/distributed/test/log/DistributedLogTest.java
CASSANDRA-19482,test/distributed/org/apache/cassandra/distributed/test/log/FetchLogFromPeersTest.java
CASSANDRA-19482,test/distributed/org/apache/cassandra/distributed/test/log/MetadataChangeSimulationTest.java
CASSANDRA-19482,test/distributed/org/apache/cassandra/distributed/test/log/ReconfigureCMSTest.java
CASSANDRA-19482,test/distributed/org/apache/cassandra/distributed/test/log/RegisterTest.java
CASSANDRA-19482,test/distributed/org/apache/cassandra/distributed/test/log/ReplayPersistedTest.java
CASSANDRA-19482,test/distributed/org/apache/cassandra/distributed/test/log/SnapshotTest.java
CASSANDRA-19482,test/distributed/org/apache/cassandra/distributed/test/log/SystemKeyspaceStorageTest.java
CASSANDRA-19482,test/distributed/org/apache/cassandra/distributed/test/tcm/RepairMetadataKeyspaceTest.java
CASSANDRA-19482,test/unit/org/apache/cassandra/db/virtual/LocalRepairTablesTest.java
CASSANDRA-19482,test/unit/org/apache/cassandra/locator/MetaStrategyTest.java
CASSANDRA-19482,test/unit/org/apache/cassandra/repair/RepairMessageVerbHandlerOutOfRangeTest.java
CASSANDRA-19482,test/unit/org/apache/cassandra/repair/messages/RepairMessageSerializationsTest.java
CASSANDRA-19482,test/unit/org/apache/cassandra/service/SerializationsTest.java
CASSANDRA-19482,test/unit/org/apache/cassandra/tcm/BootWithMetadataTest.java
CASSANDRA-19482,test/unit/org/apache/cassandra/tcm/GetLogStateTest.java
CASSANDRA-19482,test/unit/org/apache/cassandra/tcm/LogStateTest.java
CASSANDRA-19482,test/unit/org/apache/cassandra/tcm/log/DistributedLogStateTest.java
CASSANDRA-19482,test/unit/org/apache/cassandra/tcm/log/LocalLogTest.java
CASSANDRA-19482,test/unit/org/apache/cassandra/tcm/log/LocalStorageLogStateTest.java
CASSANDRA-19482,test/unit/org/apache/cassandra/tcm/log/LogStateTestBase.java
CASSANDRA-19482,test/unit/org/apache/cassandra/tcm/sequences/SequencesUtils.java
CASSANDRA-19477,CHANGES.txt
CASSANDRA-19477,src/java/org/apache/cassandra/hints/HintsDescriptor.java
CASSANDRA-19477,src/java/org/apache/cassandra/hints/HintsStore.java
CASSANDRA-19477,src/java/org/apache/cassandra/hints/HintsWriter.java
CASSANDRA-19477,src/java/org/apache/cassandra/service/StorageProxy.java
CASSANDRA-19477,test/distributed/org/apache/cassandra/distributed/test/HintsMaxSizeTest.java
CASSANDRA-19477,test/unit/org/apache/cassandra/hints/AlteredHints.java
CASSANDRA-19477,test/unit/org/apache/cassandra/hints/HintsCatalogTest.java
CASSANDRA-19477,test/unit/org/apache/cassandra/hints/HintsReaderTest.java
CASSANDRA-19477,test/unit/org/apache/cassandra/hints/HintsStoreTest.java
CASSANDRA-19461,CHANGES.txt
CASSANDRA-19461,src/java/org/apache/cassandra/cql3/statements/schema/CreateIndexStatement.java
CASSANDRA-19461,src/java/org/apache/cassandra/index/sai/disk/v1/SSTableIndexWriter.java
CASSANDRA-19461,src/java/org/apache/cassandra/index/sai/memory/MemtableIndex.java
CASSANDRA-19461,test/unit/accord/utils/Gens.java
CASSANDRA-19461,test/unit/org/apache/cassandra/index/sai/cql/AbstractSimpleEqTestBase.java
CASSANDRA-19461,test/unit/org/apache/cassandra/index/sai/cql/AllTypesSimpleEqTest.java
CASSANDRA-19461,test/unit/org/apache/cassandra/index/sai/cql/EmptyStringLifecycleTest.java
CASSANDRA-19461,test/unit/org/apache/cassandra/utils/Generators.java
CASSANDRA-19427,CHANGES.txt
CASSANDRA-19427,src/java/org/apache/cassandra/service/ClientWarn.java
CASSANDRA-19412,CHANGES.txt
CASSANDRA-19412,src/java/org/apache/cassandra/service/StorageProxy.java
CASSANDRA-19391,src/java/org/apache/cassandra/db/SystemKeyspace.java
CASSANDRA-19391,src/java/org/apache/cassandra/dht/ReversedLongLocalPartitioner.java
CASSANDRA-19344,CHANGES.txt
CASSANDRA-19344,src/java/org/apache/cassandra/tcm/ownership/PlacementForRange.java
CASSANDRA-19344,src/java/org/apache/cassandra/tcm/ownership/PlacementTransitionPlan.java
CASSANDRA-19344,src/java/org/apache/cassandra/tcm/sequences/Move.java
CASSANDRA-19344,src/java/org/apache/cassandra/tcm/sequences/RemoveNodeStreams.java
CASSANDRA-19344,src/java/org/apache/cassandra/tcm/sequences/UnbootstrapStreams.java
CASSANDRA-19344,src/java/org/apache/cassandra/tcm/transformations/PrepareJoin.java
CASSANDRA-19344,src/java/org/apache/cassandra/tcm/transformations/PrepareLeave.java
CASSANDRA-19344,src/java/org/apache/cassandra/tcm/transformations/PrepareMove.java
CASSANDRA-19344,src/java/org/apache/cassandra/tcm/transformations/PrepareReplace.java
CASSANDRA-19344,src/java/org/apache/cassandra/tcm/transformations/UnsafeJoin.java
CASSANDRA-19344,test/distributed/org/apache/cassandra/distributed/test/TransientRangeMovement2Test.java
CASSANDRA-19344,test/distributed/org/apache/cassandra/distributed/test/TransientRangeMovementTest.java
CASSANDRA-19344,test/distributed/org/apache/cassandra/distributed/test/log/CoordinatorPathTest.java
CASSANDRA-19344,test/distributed/org/apache/cassandra/distributed/test/log/MetadataChangeSimulationTest.java
CASSANDRA-19344,test/distributed/org/apache/cassandra/distributed/test/log/ModelState.java
CASSANDRA-19344,test/distributed/org/apache/cassandra/distributed/test/log/OperationalEquivalenceTest.java
CASSANDRA-19344,test/distributed/org/apache/cassandra/distributed/test/log/PlacementSimulator.java
CASSANDRA-19344,test/distributed/org/apache/cassandra/distributed/test/log/PlacementSimulatorTest.java
CASSANDRA-19344,test/harry/main/org/apache/cassandra/harry/model/QuiescentLocalStateCheckerBase.java
CASSANDRA-19344,test/harry/main/org/apache/cassandra/harry/sut/TokenPlacementModel.java
CASSANDRA-19344,test/harry/main/org/apache/cassandra/harry/sut/injvm/InJVMTokenAwareVisitExecutor.java
CASSANDRA-19344,test/simulator/main/org/apache/cassandra/simulator/cluster/KeyspaceActions.java
CASSANDRA-19344,test/simulator/main/org/apache/cassandra/simulator/harry/HarryValidatingQuery.java
CASSANDRA-19344,test/unit/org/apache/cassandra/tcm/ownership/PlacementTransitionPlanTest.java
CASSANDRA-19344,test/unit/org/apache/cassandra/tcm/ownership/UniformRangePlacementTest.java
CASSANDRA-19344,test/unit/org/apache/cassandra/tcm/sequences/ProgressBarrierTest.java
CASSANDRA-19336,CHANGES.txt
CASSANDRA-19336,conf/cassandra.yaml
CASSANDRA-19336,src/java/org/apache/cassandra/config/Config.java
CASSANDRA-19336,src/java/org/apache/cassandra/config/DatabaseDescriptor.java
CASSANDRA-19336,src/java/org/apache/cassandra/repair/RepairJob.java
CASSANDRA-19336,src/java/org/apache/cassandra/repair/RepairRunnable.java
CASSANDRA-19336,src/java/org/apache/cassandra/repair/RepairSession.java
CASSANDRA-19336,src/java/org/apache/cassandra/repair/Scheduler.java
CASSANDRA-19336,src/java/org/apache/cassandra/service/ActiveRepairService.java
CASSANDRA-19336,test/distributed/org/apache/cassandra/distributed/test/OptimiseStreamsRepairTest.java
CASSANDRA-19336,test/distributed/org/apache/cassandra/distributed/test/repair/ConcurrentValidationRequestsTest.java
CASSANDRA-19336,test/unit/org/apache/cassandra/repair/RepairJobTest.java
CASSANDRA-19336,test/unit/org/apache/cassandra/repair/RepairSessionTest.java
CASSANDRA-19278,CHANGES.txt
CASSANDRA-19278,src/java/org/apache/cassandra/index/sai/disk/RowMapping.java
CASSANDRA-19278,src/java/org/apache/cassandra/index/sai/disk/v1/MemtableIndexWriter.java
CASSANDRA-19278,src/java/org/apache/cassandra/index/sai/iterators/KeyRangeIntersectionIterator.java
CASSANDRA-19278,src/java/org/apache/cassandra/index/sai/iterators/KeyRangeIterator.java
CASSANDRA-19278,src/java/org/apache/cassandra/index/sai/utils/PrimaryKey.java
CASSANDRA-19278,test/unit/org/apache/cassandra/index/sai/cql/RandomIntersectionTest.java
CASSANDRA-19278,test/unit/org/apache/cassandra/index/sai/cql/StaticColumnIndexTest.java
CASSANDRA-19278,test/unit/org/apache/cassandra/index/sai/cql/intersection/RandomIntersectionTester.java
CASSANDRA-19278,test/unit/org/apache/cassandra/index/sai/cql/intersection/RandomMixedIntersectionTest.java
CASSANDRA-19278,test/unit/org/apache/cassandra/index/sai/cql/intersection/RandomMixedPartitionIntersectionTest.java
CASSANDRA-19278,test/unit/org/apache/cassandra/index/sai/cql/intersection/RandomRegularIntersectionTest.java
CASSANDRA-19278,test/unit/org/apache/cassandra/index/sai/cql/intersection/RandomRegularPartitionIntersectionTest.java
CASSANDRA-19278,test/unit/org/apache/cassandra/index/sai/cql/intersection/RandomStaticIntersectionTest.java
CASSANDRA-19278,test/unit/org/apache/cassandra/index/sai/cql/intersection/RandomStaticPartitionIntersectionTest.java
CASSANDRA-19278,test/unit/org/apache/cassandra/index/sai/cql/intersection/TwoRegularOneStaticIntersectionTest.java
CASSANDRA-19278,test/unit/org/apache/cassandra/index/sai/cql/intersection/TwoRegularOneStaticPartitionIntersectionTest.java
CASSANDRA-19278,test/unit/org/apache/cassandra/index/sai/utils/PrimaryKeyTest.java
CASSANDRA-19269,src/java/org/apache/cassandra/locator/MetaStrategy.java
CASSANDRA-19263,src/java/org/apache/cassandra/net/MessagingService.java
CASSANDRA-19263,src/java/org/apache/cassandra/service/CassandraDaemon.java
CASSANDRA-19260,src/java/org/apache/cassandra/tcm/AbstractLocalProcessor.java
CASSANDRA-19260,src/java/org/apache/cassandra/tcm/Commit.java
CASSANDRA-19260,src/java/org/apache/cassandra/tcm/RemoteProcessor.java
CASSANDRA-19260,test/distributed/org/apache/cassandra/distributed/test/tcm/LogReplicationTest.java
CASSANDRA-19255,CHANGES.txt
CASSANDRA-19255,src/java/org/apache/cassandra/service/StorageService.java
CASSANDRA-19255,test/distributed/org/apache/cassandra/distributed/test/jmx/StorageServiceJmxTest.java
CASSANDRA-19208,conf/harry-example.yaml
CASSANDRA-19208,test/distributed/org/apache/cassandra/distributed/upgrade/ClusterMetadataUpgradeHarryTest.java
CASSANDRA-19208,src/java/org/apache/cassandra/schema/DistributedMetadataLogKeyspace.java
CASSANDRA-19182,CHANGES.txt
CASSANDRA-19182,src/java/org/apache/cassandra/db/compaction/AbstractStrategyHolder.java
CASSANDRA-19182,src/java/org/apache/cassandra/db/compaction/CompactionStrategyHolder.java
CASSANDRA-19182,src/java/org/apache/cassandra/db/compaction/CompactionStrategyManager.java
CASSANDRA-19182,src/java/org/apache/cassandra/db/compaction/PendingRepairHolder.java
CASSANDRA-19182,src/java/org/apache/cassandra/db/compaction/PendingRepairManager.java
CASSANDRA-19182,src/java/org/apache/cassandra/db/lifecycle/Tracker.java
CASSANDRA-19182,test/distributed/org/apache/cassandra/distributed/test/DistributedRepairUtils.java
CASSANDRA-19182,test/distributed/org/apache/cassandra/distributed/test/RepairCoordinatorFast.java
CASSANDRA-19182,test/distributed/org/apache/cassandra/distributed/test/RepairCoordinatorNeighbourDown.java
CASSANDRA-19171,test/unit/org/apache/cassandra/locator/PropertyFileSnitchTest.java
CASSANDRA-19169,src/java/org/apache/cassandra/db/compaction/UnifiedCompactionStrategy.java
CASSANDRA-19169,test/distributed/org/apache/cassandra/distributed/test/log/BounceIndexRebuildTest.java
CASSANDRA-19169,src/java/org/apache/cassandra/db/ColumnFamilyStore.java
CASSANDRA-19169,src/java/org/apache/cassandra/db/compaction/UnifiedCompactionStrategy.java
CASSANDRA-19166,CHANGES.txt
CASSANDRA-19166,src/java/org/apache/cassandra/schema/TableMetadataRefCache.java
CASSANDRA-19125,src/java/org/apache/cassandra/gms/Gossiper.java
CASSANDRA-19125,src/java/org/apache/cassandra/service/StorageService.java
CASSANDRA-19125,test/distributed/org/apache/cassandra/distributed/impl/Instance.java
CASSANDRA-19125,test/distributed/org/apache/cassandra/distributed/test/log/ConsistentLeaveTest.java
CASSANDRA-19125,test/distributed/org/apache/cassandra/distributed/test/log/ConsistentMoveTest.java
CASSANDRA-19125,test/distributed/org/apache/cassandra/distributed/test/log/FailedLeaveTest.java
CASSANDRA-19125,test/distributed/org/apache/cassandra/distributed/test/log/FuzzTestBase.java
CASSANDRA-19125,test/distributed/org/apache/cassandra/distributed/test/log/InProgressSequenceCoordinationTest.java
CASSANDRA-19125,test/distributed/org/apache/cassandra/distributed/test/log/ResumableStartupTest.java
CASSANDRA-19125,test/distributed/org/apache/cassandra/distributed/test/ring/CMSMembershipTest.java
CASSANDRA-19125,test/distributed/org/apache/cassandra/distributed/test/topology/DecommissionAvoidTimeouts.java
CASSANDRA-19125,test/long/org/apache/cassandra/streaming/LongStreamingTest.java
CASSANDRA-19125,test/unit/org/apache/cassandra/auth/MutualTlsAuthenticatorTest.java
CASSANDRA-19125,test/unit/org/apache/cassandra/cql3/CQLTester.java
CASSANDRA-19125,test/unit/org/apache/cassandra/io/sstable/CQLSSTableWriterTest.java
CASSANDRA-19125,test/unit/org/apache/cassandra/io/sstable/LegacySSTableTest.java
CASSANDRA-19125,test/unit/org/apache/cassandra/io/sstable/SSTableLoaderTest.java
CASSANDRA-19125,test/unit/org/apache/cassandra/streaming/StreamingTransferTest.java
CASSANDRA-19094,src/java/org/apache/cassandra/tcm/sequences/ProgressBarrier.java
CASSANDRA-19094,test/simulator/asm/org/apache/cassandra/simulator/asm/GlobalMethodTransformer.java
CASSANDRA-19094,test/simulator/main/org/apache/cassandra/simulator/ClusterSimulation.java
CASSANDRA-19094,test/simulator/main/org/apache/cassandra/simulator/SimulationRunner.java
CASSANDRA-19094,test/simulator/main/org/apache/cassandra/simulator/SimulatorUtils.java
CASSANDRA-19094,test/simulator/main/org/apache/cassandra/simulator/cluster/KeyspaceActions.java
CASSANDRA-19094,test/simulator/main/org/apache/cassandra/simulator/cluster/OnClusterLeave.java
CASSANDRA-19094,test/simulator/main/org/apache/cassandra/simulator/cluster/OnClusterReplace.java
CASSANDRA-19094,test/simulator/main/org/apache/cassandra/simulator/debug/Reconcile.java
CASSANDRA-19094,test/simulator/main/org/apache/cassandra/simulator/debug/Record.java
CASSANDRA-19094,test/simulator/main/org/apache/cassandra/simulator/debug/SelfReconcile.java
CASSANDRA-19094,test/simulator/main/org/apache/cassandra/simulator/harry/HarryValidatingQuery.java
CASSANDRA-19094,test/simulator/test/org/apache/cassandra/simulator/test/HarrySimulatorTest.java
CASSANDRA-19094,test/simulator/test/org/apache/cassandra/simulator/test/ShortPaxosSimulationTest.java
CASSANDRA-19094,test/simulator/test/org/apache/cassandra/simulator/test/SimulationTestBase.java
CASSANDRA-19085,src/java/org/apache/cassandra/gms/Gossiper.java
CASSANDRA-19040,CHANGES.txt
CASSANDRA-19040,src/java/org/apache/cassandra/index/sai/plan/QueryController.java
CASSANDRA-19040,test/unit/org/apache/cassandra/index/sai/cql/CollectionIndexingTest.java
CASSANDRA-19034,CHANGES.txt
CASSANDRA-19034,src/java/org/apache/cassandra/index/sai/plan/StorageAttachedIndexSearcher.java
CASSANDRA-19034,src/java/org/apache/cassandra/index/sai/utils/PrimaryKey.java
CASSANDRA-19034,test/unit/org/apache/cassandra/index/sai/cql/CompositePartitionKeyIndexTest.java
CASSANDRA-19034,test/unit/org/apache/cassandra/index/sai/cql/StaticColumnIndexTest.java
CASSANDRA-19034,test/unit/org/apache/cassandra/index/sai/utils/PrimaryKeyTest.java
CASSANDRA-19030,doc/modules/cassandra/examples/CQL/vector-search/vector-search-cycling.cql
CASSANDRA-19030,doc/modules/cassandra/pages/developing/cql/collections/list.adoc
CASSANDRA-19030,doc/modules/cassandra/pages/developing/cql/index.adoc
CASSANDRA-19030,doc/modules/cassandra/pages/developing/cql/indexing/sai/_collections-list.adoc
CASSANDRA-19030,doc/modules/cassandra/pages/developing/cql/indexing/sai/_collections-map.adoc
CASSANDRA-19030,doc/modules/cassandra/pages/developing/cql/indexing/sai/_collections-set.adoc
CASSANDRA-19030,doc/modules/cassandra/pages/developing/cql/indexing/sai/collections.adoc
CASSANDRA-19030,doc/modules/cassandra/pages/developing/cql/indexing/sai/sai-concepts.adoc
CASSANDRA-19030,doc/modules/cassandra/pages/developing/cql/indexing/sai/sai-faq.adoc
CASSANDRA-19030,doc/modules/cassandra/pages/developing/cql/indexing/sai/sai-query.adoc
CASSANDRA-19030,doc/modules/cassandra/pages/developing/cql/indexing/sai/sai-read-write-paths.adoc
CASSANDRA-19030,doc/modules/cassandra/pages/developing/cql/indexing/sai/sai-working-with.adoc
CASSANDRA-19030,doc/modules/cassandra/pages/getting-started/sai-quickstart.adoc
CASSANDRA-19030,doc/modules/cassandra/pages/vector-search/.sai-quickstart.adoc
CASSANDRA-19030,doc/modules/cassandra/partials/sai/collections-note.adoc
CASSANDRA-19030,doc/modules/cassandra/partials/sai/create-vector-index.adoc
CASSANDRA-19030,doc/modules/cassandra/partials/sai/create-vector-keyspace.adoc
CASSANDRA-19030,doc/modules/cassandra/partials/sai/create-vector-table.adoc
CASSANDRA-19030,doc/modules/cassandra/partials/sai/load-vector-data.adoc
CASSANDRA-19030,doc/modules/cassandra/partials/sai/use-vector-keyspace.adoc
CASSANDRA-19030,doc/modules/cassandra/partials/vector-search/create-vector-table.adoc
CASSANDRA-19030,doc/modules/cassandra/partials/vector-search/load-vector-data.adoc
CASSANDRA-19030,doc/modules/cassandra/partials/vector-search/query-vector-data.adoc
CASSANDRA-19030,doc/modules/cassandra/partials/vector-search/use-vector-keyspace.adoc
CASSANDRA-19017,CHANGES.txt
CASSANDRA-19017,src/java/org/apache/cassandra/index/sai/disk/v1/ColumnCompletionMarkerUtil.java
CASSANDRA-19017,src/java/org/apache/cassandra/index/sai/disk/v1/MemtableIndexWriter.java
CASSANDRA-19017,src/java/org/apache/cassandra/index/sai/disk/v1/SSTableIndexWriter.java
CASSANDRA-19017,src/java/org/apache/cassandra/index/sai/disk/v1/V1OnDiskFormat.java
CASSANDRA-19017,test/distributed/org/apache/cassandra/distributed/test/sai/IndexStreamingTest.java
CASSANDRA-19015,CHANGES.txt
CASSANDRA-19015,src/java/org/apache/cassandra/tools/nodetool/stats/StatsTable.java
CASSANDRA-19015,src/java/org/apache/cassandra/tools/nodetool/stats/StatsTableComparator.java
CASSANDRA-19015,src/java/org/apache/cassandra/tools/nodetool/stats/TableStatsHolder.java
CASSANDRA-19015,src/java/org/apache/cassandra/tools/nodetool/stats/TableStatsPrinter.java
CASSANDRA-19015,src/java/org/apache/cassandra/utils/FBUtilities.java
CASSANDRA-19015,test/unit/org/apache/cassandra/tools/nodetool/stats/TableStatsPrinterTest.java
CASSANDRA-19015,test/unit/org/apache/cassandra/utils/FBUtilitiesTest.java
CASSANDRA-19014,CHANGES.txt
CASSANDRA-19014,src/java/org/apache/cassandra/repair/consistent/admin/PendingStats.java
CASSANDRA-19014,test/distributed/org/apache/cassandra/distributed/test/IncRepairAdminTest.java
CASSANDRA-19000,test/unit/org/apache/cassandra/tools/BulkLoaderTest.java
CASSANDRA-18951,CHANGES.txt
CASSANDRA-18951,conf/cassandra.yaml
CASSANDRA-18951,src/java/org/apache/cassandra/auth/MutualTlsAuthenticator.java
CASSANDRA-18951,src/java/org/apache/cassandra/auth/MutualTlsCertificateValidator.java
CASSANDRA-18951,src/java/org/apache/cassandra/auth/MutualTlsCertificateValidityPeriodValidator.java
CASSANDRA-18951,src/java/org/apache/cassandra/auth/MutualTlsInternodeAuthenticator.java
CASSANDRA-18951,src/java/org/apache/cassandra/auth/MutualTlsUtil.java
CASSANDRA-18951,src/java/org/apache/cassandra/auth/SpiffeCertificateValidator.java
CASSANDRA-18951,src/java/org/apache/cassandra/config/EncryptionOptions.java
CASSANDRA-18951,src/java/org/apache/cassandra/metrics/MutualTlsMetrics.java
CASSANDRA-18951,test/data/config/version=5.0-alpha1.yml
CASSANDRA-18951,test/distributed/org/apache/cassandra/distributed/shared/ClusterUtils.java
CASSANDRA-18951,test/distributed/org/apache/cassandra/distributed/test/JavaDriverUtils.java
CASSANDRA-18951,test/distributed/org/apache/cassandra/distributed/test/auth/MutualTlsCertificateValidityPeriodTest.java
CASSANDRA-18951,test/unit/org/apache/cassandra/auth/MutualTlsCertificateValidityPeriodValidatorTest.java
CASSANDRA-18951,test/unit/org/apache/cassandra/auth/MutualTlsUtilTest.java
CASSANDRA-18951,test/unit/org/apache/cassandra/auth/SpiffeCertificateValidatorTest.java
CASSANDRA-18951,test/unit/org/apache/cassandra/config/EncryptionOptionsTest.java
CASSANDRA-18951,test/unit/org/apache/cassandra/utils/tls/CertificateBuilder.java
CASSANDRA-18951,test/unit/org/apache/cassandra/utils/tls/CertificateBundle.java
CASSANDRA-18948,src/java/org/apache/cassandra/db/commitlog/CommitLogSegment.java
CASSANDRA-18948,test/unit/org/apache/cassandra/db/commitlog/CommitLogSegmentManagerCDCTest.java
CASSANDRA-18945,CHANGES.txt
CASSANDRA-18945,pylib/cqlshlib/cql3handling.py
CASSANDRA-18945,pylib/cqlshlib/cqlhandling.py
CASSANDRA-18945,pylib/cqlshlib/test/test_cqlsh_completion.py
CASSANDRA-18945,src/java/org/apache/cassandra/config/CassandraRelevantProperties.java
CASSANDRA-18945,src/java/org/apache/cassandra/db/compaction/UnifiedCompactionStrategy.md
CASSANDRA-18945,src/java/org/apache/cassandra/db/compaction/unified/Controller.java
CASSANDRA-18945,src/java/org/apache/cassandra/db/compaction/unified/shards_graph_lambda_0.svg
CASSANDRA-18945,src/java/org/apache/cassandra/db/compaction/unified/shards_graph_lambda_0_33.svg
CASSANDRA-18945,src/java/org/apache/cassandra/db/compaction/unified/shards_graph_lambda_0_5.svg
CASSANDRA-18945,src/java/org/apache/cassandra/db/compaction/unified/shards_graph_lambda_1.svg
CASSANDRA-18945,src/java/org/apache/cassandra/utils/FBUtilities.java
CASSANDRA-18945,test/distributed/org/apache/cassandra/distributed/test/UnifiedCompactionDensitiesTest.java
CASSANDRA-18945,test/unit/org/apache/cassandra/db/compaction/unified/ControllerTest.java
CASSANDRA-18939,CHANGES.txt
CASSANDRA-18939,src/java/org/apache/cassandra/index/SecondaryIndexManager.java
CASSANDRA-18939,src/java/org/apache/cassandra/index/sai/plan/QueryController.java
CASSANDRA-18939,src/java/org/apache/cassandra/index/sai/plan/VectorTopKProcessor.java
CASSANDRA-18939,src/java/org/apache/cassandra/index/sasi/plan/QueryController.java
CASSANDRA-18939,test/unit/org/apache/cassandra/index/SecondaryIndexManagerTest.java
CASSANDRA-18932,CHANGES.txt
CASSANDRA-18932,src/java/org/apache/cassandra/io/sstable/AbstractSSTableIterator.java
CASSANDRA-18932,src/java/org/apache/cassandra/io/sstable/format/big/IndexState.java
CASSANDRA-18932,test/unit/org/apache/cassandra/cql3/CQLTester.java
CASSANDRA-18932,test/unit/org/apache/cassandra/cql3/ViewAbstractParameterizedTest.java
CASSANDRA-18932,test/unit/org/apache/cassandra/io/sstable/format/ColumnIndexTest.java
CASSANDRA-18926,CHANGES.txt
CASSANDRA-18926,src/java/org/apache/cassandra/index/sai/IndexContext.java
CASSANDRA-18926,src/java/org/apache/cassandra/index/sai/StorageAttachedIndex.java
CASSANDRA-18926,src/java/org/apache/cassandra/index/sai/disk/v1/SSTableIndexWriter.java
CASSANDRA-18926,src/java/org/apache/cassandra/index/sai/memory/TrieMemoryIndex.java
CASSANDRA-18926,src/java/org/apache/cassandra/index/sai/memory/VectorMemoryIndex.java
CASSANDRA-18926,test/unit/org/apache/cassandra/cql3/CQLTester.java
CASSANDRA-18926,test/unit/org/apache/cassandra/index/sai/cql/StorageAttachedIndexDDLTest.java
CASSANDRA-18921,CHANGES.txt
CASSANDRA-18921,src/java/org/apache/cassandra/cql3/statements/DescribeStatement.java
CASSANDRA-18921,src/java/org/apache/cassandra/schema/Schema.java
CASSANDRA-18921,test/unit/org/apache/cassandra/cql3/statements/DescribeStatementTest.java
CASSANDRA-18913,CHANGES.txt
CASSANDRA-18913,src/java/org/apache/cassandra/gms/EndpointState.java
CASSANDRA-18913,src/java/org/apache/cassandra/gms/Gossiper.java
CASSANDRA-18913,test/distributed/org/apache/cassandra/distributed/shared/ClusterUtils.java
CASSANDRA-18913,test/distributed/org/apache/cassandra/distributed/test/gossip/GossipShutdownTest.java
CASSANDRA-18905,CHANGES.txt
CASSANDRA-18905,src/java/org/apache/cassandra/db/lifecycle/Tracker.java
CASSANDRA-18905,src/java/org/apache/cassandra/index/Index.java
CASSANDRA-18905,src/java/org/apache/cassandra/index/IndexRegistry.java
CASSANDRA-18905,src/java/org/apache/cassandra/index/SecondaryIndexManager.java
CASSANDRA-18905,src/java/org/apache/cassandra/index/SingletonIndexGroup.java
CASSANDRA-18905,src/java/org/apache/cassandra/index/sai/StorageAttachedIndex.java
CASSANDRA-18905,src/java/org/apache/cassandra/index/sai/StorageAttachedIndexGroup.java
CASSANDRA-18905,src/java/org/apache/cassandra/index/sasi/SASIIndex.java
CASSANDRA-18905,test/unit/org/apache/cassandra/index/CustomIndexTest.java
CASSANDRA-18905,test/unit/org/apache/cassandra/index/StubIndexGroup.java
CASSANDRA-18905,test/unit/org/apache/cassandra/index/sai/cql/IndexGroupLifecycleTest.java
CASSANDRA-18905,test/unit/org/apache/cassandra/index/sai/cql/StorageAttachedIndexDDLTest.java
CASSANDRA-18905,test/unit/org/apache/cassandra/index/sai/functional/CompactionTest.java
CASSANDRA-18905,test/unit/org/apache/cassandra/index/sai/metrics/IndexGroupMetricsTest.java
CASSANDRA-18905,test/unit/org/apache/cassandra/index/sai/metrics/QueryMetricsTest.java
CASSANDRA-18905,test/unit/org/apache/cassandra/index/sai/metrics/StateMetricsTest.java
CASSANDRA-18903,CHANGES.txt
CASSANDRA-18903,src/java/org/apache/cassandra/repair/consistent/ConsistentSession.java
CASSANDRA-18903,src/java/org/apache/cassandra/repair/consistent/CoordinatorSession.java
CASSANDRA-18903,src/java/org/apache/cassandra/repair/consistent/CoordinatorSessions.java
CASSANDRA-18903,src/java/org/apache/cassandra/repair/consistent/LocalSession.java
CASSANDRA-18903,test/distributed/org/apache/cassandra/distributed/test/IncRepairCoordinatorErrorTest.java
CASSANDRA-18882,.build/parent-pom-template.xml
CASSANDRA-18882,CHANGES.txt
CASSANDRA-18881,test/unit/org/apache/cassandra/tools/nodetool/ForceCompactionTest.java
CASSANDRA-18877,build.xml
CASSANDRA-18877,src/java/org/apache/cassandra/db/streaming/CassandraStreamWriter.java
CASSANDRA-18877,src/java/org/apache/cassandra/utils/TestRateLimiter.java
CASSANDRA-18877,test/resources/byteman/mutation_limiter.btm
CASSANDRA-18862,CHANGES.txt
CASSANDRA-18862,src/java/org/apache/cassandra/cache/AutoSavingCache.java
CASSANDRA-18848,CHANGES.txt
CASSANDRA-18848,build.xml
CASSANDRA-18848,conf/jvm17-clients.options
CASSANDRA-18848,conf/jvm17-server.options
CASSANDRA-18848,src/java/org/apache/cassandra/service/GCInspector.java
CASSANDRA-18841,test/distributed/org/apache/cassandra/distributed/impl/Instance.java
CASSANDRA-18840,CHANGES.txt
CASSANDRA-18840,src/java/org/apache/cassandra/io/sstable/SSTableLoader.java
CASSANDRA-18840,test/unit/org/apache/cassandra/io/sstable/SSTableLoaderTest.java
CASSANDRA-18839,CHANGES.txt
CASSANDRA-18839,src/java/org/apache/cassandra/transport/ExceptionHandlers.java
CASSANDRA-18829,test/unit/org/apache/cassandra/cql3/CQLTester.java
CASSANDRA-18827,pylib/setup.py
CASSANDRA-18827,pylib/cassandra-cqlsh-tests.sh
CASSANDRA-18827,pylib/cqlshlib/copyutil.py
CASSANDRA-18827,pylib/cqlshlib/test/cassconnect.py
CASSANDRA-18827,pylib/cqlshlib/test/test_cqlsh_completion.py
CASSANDRA-18827,pylib/cqlshlib/test/test_cqlsh_output.py
CASSANDRA-18827,pylib/cqlshlib/test/test_unicode.py
CASSANDRA-18827,pylib/setup.py
CASSANDRA-18782,CHANGES.txt
CASSANDRA-18782,src/java/org/apache/cassandra/index/sai/StorageAttachedIndex.java
CASSANDRA-18782,src/java/org/apache/cassandra/index/sai/analyzer/AbstractAnalyzer.java
CASSANDRA-18782,src/java/org/apache/cassandra/index/sai/analyzer/NonTokenizingOptions.java
CASSANDRA-18782,test/unit/org/apache/cassandra/index/sai/cql/StorageAttachedIndexDDLTest.java
CASSANDRA-18753,src/java/org/apache/cassandra/db/compaction/UnifiedCompactionStrategy.java
CASSANDRA-18753,test/distributed/org/apache/cassandra/distributed/test/log/BounceIndexRebuildTest.java
CASSANDRA-18753,.build/README.md
CASSANDRA-18753,.build/docker/run-tests.sh
CASSANDRA-18753,.build/run-tests.sh
CASSANDRA-18753,.circleci/config.yml
CASSANDRA-18753,.circleci/config.yml.FREE
CASSANDRA-18753,.circleci/config.yml.PAID
CASSANDRA-18753,.circleci/config_template.yml
CASSANDRA-18753,.circleci/config_template.yml.PAID.patch
CASSANDRA-18753,.jenkins/Jenkinsfile
CASSANDRA-18753,CHANGES.txt
CASSANDRA-18753,NEWS.txt
CASSANDRA-18753,build.xml
CASSANDRA-18753,conf/cassandra.yaml
CASSANDRA-18753,conf/cassandra_latest.yaml
CASSANDRA-18753,src/java/org/apache/cassandra/config/CassandraRelevantProperties.java
CASSANDRA-18753,src/java/org/apache/cassandra/config/DatabaseDescriptor.java
CASSANDRA-18753,src/java/org/apache/cassandra/db/ReadCommand.java
CASSANDRA-18753,src/java/org/apache/cassandra/db/compaction/UnifiedCompactionStrategy.java
CASSANDRA-18753,src/java/org/apache/cassandra/db/compaction/unified/Controller.java
CASSANDRA-18753,test/conf/latest_diff.yaml
CASSANDRA-18753,test/distributed/org/apache/cassandra/distributed/impl/InstanceConfig.java
CASSANDRA-18753,test/distributed/org/apache/cassandra/distributed/test/CasWriteTest.java
CASSANDRA-18753,test/distributed/org/apache/cassandra/distributed/test/PreviewRepairSnapshotTest.java
CASSANDRA-18753,test/distributed/org/apache/cassandra/distributed/test/SecondaryIndexCompactionTest.java
CASSANDRA-18753,test/distributed/org/apache/cassandra/distributed/test/SecondaryIndexTest.java
CASSANDRA-18753,test/distributed/org/apache/cassandra/distributed/test/UpgradeSSTablesTest.java
CASSANDRA-18753,test/distributed/org/apache/cassandra/distributed/test/sai/ConcurrencyFactorTest.java
CASSANDRA-18753,test/unit/org/apache/cassandra/Util.java
CASSANDRA-18753,test/unit/org/apache/cassandra/config/ParseAndConvertUnitsTest.java
CASSANDRA-18753,test/unit/org/apache/cassandra/cql3/statements/DescribeStatementTest.java
CASSANDRA-18753,test/unit/org/apache/cassandra/cql3/validation/entities/FrozenCollectionsTest.java
CASSANDRA-18753,test/unit/org/apache/cassandra/cql3/validation/entities/SecondaryIndexOnMapEntriesTest.java
CASSANDRA-18753,test/unit/org/apache/cassandra/cql3/validation/miscellaneous/CrcCheckChanceTest.java
CASSANDRA-18753,test/unit/org/apache/cassandra/cql3/validation/operations/CompactStorageSplit1Test.java
CASSANDRA-18753,test/unit/org/apache/cassandra/cql3/validation/operations/InsertInvalidateSizedRecordsTest.java
CASSANDRA-18753,test/unit/org/apache/cassandra/cql3/validation/operations/InsertUpdateIfConditionTest.java
CASSANDRA-18753,test/unit/org/apache/cassandra/cql3/validation/operations/SelectLimitTest.java
CASSANDRA-18753,test/unit/org/apache/cassandra/cql3/validation/operations/SelectMultiColumnRelationTest.java
CASSANDRA-18753,test/unit/org/apache/cassandra/cql3/validation/operations/SelectOrderedPartitionerTest.java
CASSANDRA-18753,test/unit/org/apache/cassandra/cql3/validation/operations/SelectSingleColumnRelationTest.java
CASSANDRA-18753,test/unit/org/apache/cassandra/cql3/validation/operations/SelectTest.java
CASSANDRA-18753,test/unit/org/apache/cassandra/db/SchemaCQLHelperTest.java
CASSANDRA-18753,test/unit/org/apache/cassandra/db/compaction/ActiveCompactionsTest.java
CASSANDRA-18753,test/unit/org/apache/cassandra/db/compaction/CancelCompactionsTest.java
CASSANDRA-18753,test/unit/org/apache/cassandra/db/compaction/unified/ControllerTest.java
CASSANDRA-18753,test/unit/org/apache/cassandra/db/compaction/unified/ShardedMultiWriterTest.java
CASSANDRA-18753,test/unit/org/apache/cassandra/db/compaction/writers/CompactionAwareWriterTest.java
CASSANDRA-18753,test/unit/org/apache/cassandra/index/CustomIndexTest.java
CASSANDRA-18753,test/unit/org/apache/cassandra/index/SecondaryIndexManagerTest.java
CASSANDRA-18753,test/unit/org/apache/cassandra/index/internal/CassandraIndexTest.java
CASSANDRA-18753,test/unit/org/apache/cassandra/index/sai/cql/MixedIndexImplementationsTest.java
CASSANDRA-18753,test/unit/org/apache/cassandra/io/sstable/CQLSSTableWriterClientTest.java
CASSANDRA-18753,test/unit/org/apache/cassandra/io/sstable/LegacySSTableTest.java
CASSANDRA-18753,test/unit/org/apache/cassandra/service/StorageProxyTest.java
CASSANDRA-18753,test/unit/org/apache/cassandra/tools/CompactionStressTest.java
CASSANDRA-18739,CHANGES.txt
CASSANDRA-18739,src/java/org/apache/cassandra/cql3/functions/UDFContextImpl.java
CASSANDRA-18739,src/java/org/apache/cassandra/cql3/functions/UDFunction.java
CASSANDRA-18739,test/distributed/org/apache/cassandra/distributed/test/UDFTest.java
CASSANDRA-18736,CHANGES.txt
CASSANDRA-18736,src/java/org/apache/cassandra/db/lifecycle/LogFile.java
CASSANDRA-18736,src/java/org/apache/cassandra/db/lifecycle/LogReplicaSet.java
CASSANDRA-18736,src/java/org/apache/cassandra/db/lifecycle/TransactionAlreadyCompletedException.java
CASSANDRA-18736,src/java/org/apache/cassandra/streaming/StreamSession.java
CASSANDRA-18736,test/distributed/org/apache/cassandra/distributed/test/streaming/StreamFailedWhileReceivingTest.java
CASSANDRA-18736,test/unit/org/apache/cassandra/Util.java
CASSANDRA-18736,test/unit/org/apache/cassandra/db/lifecycle/LogTransactionTest.java
CASSANDRA-18733,CHANGES.txt
CASSANDRA-18733,src/java/org/apache/cassandra/streaming/StreamSession.java
CASSANDRA-18733,src/java/org/apache/cassandra/streaming/async/StreamingMultiplexedChannel.java
CASSANDRA-18733,test/distributed/org/apache/cassandra/distributed/test/streaming/StreamDisconnectedWhileReceivingTest.java
CASSANDRA-18725,build.xml
CASSANDRA-18725,src/java/org/apache/cassandra/utils/RMIClientSocketFactoryImpl.java
CASSANDRA-18725,src/java/org/apache/cassandra/utils/ReflectionUtils.java
CASSANDRA-18725,test/distributed/org/apache/cassandra/distributed/impl/Instance.java
CASSANDRA-18725,test/distributed/org/apache/cassandra/distributed/impl/IsolatedJmx.java
CASSANDRA-18725,test/distributed/org/apache/cassandra/distributed/shared/ClusterUtils.java
CASSANDRA-18725,test/distributed/org/apache/cassandra/distributed/shared/WithProperties.java
CASSANDRA-18725,test/distributed/org/apache/cassandra/distributed/test/ResourceLeakTest.java
CASSANDRA-18725,test/distributed/org/apache/cassandra/distributed/test/jmx/JMXFeatureTest.java
CASSANDRA-18725,test/distributed/org/apache/cassandra/distributed/test/jmx/JMXGetterCheckTest.java
CASSANDRA-18715,src/java/org/apache/cassandra/index/sai/plan/QueryController.java
CASSANDRA-18715,test/unit/org/apache/cassandra/index/sai/cql/VectorUpdateDeleteTest.java
CASSANDRA-18715,.build/cassandra-deps-template.xml
CASSANDRA-18715,.build/parent-pom-template.xml
CASSANDRA-18715,CHANGES.txt
CASSANDRA-18715,NEWS.txt
CASSANDRA-18715,src/antlr/Lexer.g
CASSANDRA-18715,src/antlr/Parser.g
CASSANDRA-18715,src/java/org/apache/cassandra/config/CassandraRelevantProperties.java
CASSANDRA-18715,src/java/org/apache/cassandra/cql3/Operator.java
CASSANDRA-18715,src/java/org/apache/cassandra/cql3/Ordering.java
CASSANDRA-18715,src/java/org/apache/cassandra/cql3/QueryOptions.java
CASSANDRA-18715,src/java/org/apache/cassandra/cql3/Relation.java
CASSANDRA-18715,src/java/org/apache/cassandra/cql3/UntypedResultSet.java
CASSANDRA-18715,src/java/org/apache/cassandra/cql3/functions/VectorFcts.java
CASSANDRA-18715,src/java/org/apache/cassandra/cql3/restrictions/MultiColumnRestriction.java
CASSANDRA-18715,src/java/org/apache/cassandra/cql3/restrictions/Restriction.java
CASSANDRA-18715,src/java/org/apache/cassandra/cql3/restrictions/RestrictionSet.java
CASSANDRA-18715,src/java/org/apache/cassandra/cql3/restrictions/RestrictionSetWrapper.java
CASSANDRA-18715,src/java/org/apache/cassandra/cql3/restrictions/SingleColumnRestriction.java
CASSANDRA-18715,src/java/org/apache/cassandra/cql3/restrictions/SingleRestriction.java
CASSANDRA-18715,src/java/org/apache/cassandra/cql3/restrictions/StatementRestrictions.java
CASSANDRA-18715,src/java/org/apache/cassandra/cql3/restrictions/TokenFilter.java
CASSANDRA-18715,src/java/org/apache/cassandra/cql3/restrictions/TokenRestriction.java
CASSANDRA-18715,src/java/org/apache/cassandra/cql3/statements/DeleteStatement.java
CASSANDRA-18715,src/java/org/apache/cassandra/cql3/statements/ModificationStatement.java
CASSANDRA-18715,src/java/org/apache/cassandra/cql3/statements/SelectStatement.java
CASSANDRA-18715,src/java/org/apache/cassandra/cql3/statements/UpdateStatement.java
CASSANDRA-18715,src/java/org/apache/cassandra/cql3/statements/schema/CreateViewStatement.java
CASSANDRA-18715,src/java/org/apache/cassandra/db/ColumnFamilyStore.java
CASSANDRA-18715,src/java/org/apache/cassandra/db/PartitionRangeReadCommand.java
CASSANDRA-18715,src/java/org/apache/cassandra/db/ReadCommand.java
CASSANDRA-18715,src/java/org/apache/cassandra/db/ReadCommandVerbHandler.java
CASSANDRA-18715,src/java/org/apache/cassandra/db/ReadExecutionController.java
CASSANDRA-18715,src/java/org/apache/cassandra/db/ReadQuery.java
CASSANDRA-18715,src/java/org/apache/cassandra/db/filter/RowFilter.java
CASSANDRA-18715,src/java/org/apache/cassandra/db/marshal/ByteArrayAccessor.java
CASSANDRA-18715,src/java/org/apache/cassandra/db/marshal/ByteBufferAccessor.java
CASSANDRA-18715,src/java/org/apache/cassandra/db/marshal/ValueAccessor.java
CASSANDRA-18715,src/java/org/apache/cassandra/db/marshal/VectorType.java
CASSANDRA-18715,src/java/org/apache/cassandra/db/view/View.java
CASSANDRA-18715,src/java/org/apache/cassandra/index/Index.java
CASSANDRA-18715,src/java/org/apache/cassandra/index/sai/IndexContext.java
CASSANDRA-18715,src/java/org/apache/cassandra/index/sai/QueryContext.java
CASSANDRA-18715,src/java/org/apache/cassandra/index/sai/StorageAttachedIndex.java
CASSANDRA-18715,src/java/org/apache/cassandra/index/sai/VectorQueryContext.java
CASSANDRA-18715,src/java/org/apache/cassandra/index/sai/disk/IndexSearchResultIterator.java
CASSANDRA-18715,src/java/org/apache/cassandra/index/sai/disk/PrimaryKeyMap.java
CASSANDRA-18715,src/java/org/apache/cassandra/index/sai/disk/RowMapping.java
CASSANDRA-18715,src/java/org/apache/cassandra/index/sai/disk/SSTableIndex.java
CASSANDRA-18715,src/java/org/apache/cassandra/index/sai/disk/SSTableRowIdKeyRangeIterator.java
CASSANDRA-18715,src/java/org/apache/cassandra/index/sai/disk/format/IndexComponent.java
CASSANDRA-18715,src/java/org/apache/cassandra/index/sai/disk/format/Version.java
CASSANDRA-18715,src/java/org/apache/cassandra/index/sai/disk/io/IndexFileUtils.java
CASSANDRA-18715,src/java/org/apache/cassandra/index/sai/disk/v1/IndexWriterConfig.java
CASSANDRA-18715,src/java/org/apache/cassandra/index/sai/disk/v1/MemtableIndexWriter.java
CASSANDRA-18715,src/java/org/apache/cassandra/index/sai/disk/v1/PerColumnIndexFiles.java
CASSANDRA-18715,src/java/org/apache/cassandra/index/sai/disk/v1/SSTableIndexWriter.java
CASSANDRA-18715,src/java/org/apache/cassandra/index/sai/disk/v1/SkinnyPrimaryKeyMap.java
CASSANDRA-18715,src/java/org/apache/cassandra/index/sai/disk/v1/V1OnDiskFormat.java
CASSANDRA-18715,src/java/org/apache/cassandra/index/sai/disk/v1/V1SSTableIndex.java
CASSANDRA-18715,src/java/org/apache/cassandra/index/sai/disk/v1/WidePrimaryKeyMap.java
CASSANDRA-18715,src/java/org/apache/cassandra/index/sai/disk/v1/bitpack/AbstractBlockPackedReader.java
CASSANDRA-18715,src/java/org/apache/cassandra/index/sai/disk/v1/postings/MergePostingList.java
CASSANDRA-18715,src/java/org/apache/cassandra/index/sai/disk/v1/postings/PostingListRangeIterator.java
CASSANDRA-18715,src/java/org/apache/cassandra/index/sai/disk/v1/postings/PostingsReader.java
CASSANDRA-18715,src/java/org/apache/cassandra/index/sai/disk/v1/postings/PostingsWriter.java
CASSANDRA-18715,src/java/org/apache/cassandra/index/sai/disk/v1/postings/VectorPostingList.java
CASSANDRA-18715,src/java/org/apache/cassandra/index/sai/disk/v1/segment/IndexSegmentSearcher.java
CASSANDRA-18715,src/java/org/apache/cassandra/index/sai/disk/v1/segment/IndexSegmentSearcherContext.java
CASSANDRA-18715,src/java/org/apache/cassandra/index/sai/disk/v1/segment/LiteralIndexSegmentSearcher.java
CASSANDRA-18715,src/java/org/apache/cassandra/index/sai/disk/v1/segment/NumericIndexSegmentSearcher.java
CASSANDRA-18715,src/java/org/apache/cassandra/index/sai/disk/v1/segment/Segment.java
CASSANDRA-18715,src/java/org/apache/cassandra/index/sai/disk/v1/segment/SegmentBuilder.java
CASSANDRA-18715,src/java/org/apache/cassandra/index/sai/disk/v1/segment/SegmentMetadata.java
CASSANDRA-18715,src/java/org/apache/cassandra/index/sai/disk/v1/segment/SegmentOrdering.java
CASSANDRA-18715,src/java/org/apache/cassandra/index/sai/disk/v1/segment/VectorIndexSegmentSearcher.java
CASSANDRA-18715,src/java/org/apache/cassandra/index/sai/disk/v1/trie/TrieTermsDictionaryReader.java
CASSANDRA-18715,src/java/org/apache/cassandra/index/sai/disk/v1/vector/BitsUtil.java
CASSANDRA-18715,src/java/org/apache/cassandra/index/sai/disk/v1/vector/CheckpointingIterator.java
CASSANDRA-18715,src/java/org/apache/cassandra/index/sai/disk/v1/vector/CompactionVectorValues.java
CASSANDRA-18715,src/java/org/apache/cassandra/index/sai/disk/v1/vector/ConcurrentVectorValues.java
CASSANDRA-18715,src/java/org/apache/cassandra/index/sai/disk/v1/vector/DiskAnn.java
CASSANDRA-18715,src/java/org/apache/cassandra/index/sai/disk/v1/vector/DiskBinarySearch.java
CASSANDRA-18715,src/java/org/apache/cassandra/index/sai/disk/v1/vector/OnDiskOrdinalsMap.java
CASSANDRA-18715,src/java/org/apache/cassandra/index/sai/disk/v1/vector/OnHeapGraph.java
CASSANDRA-18715,src/java/org/apache/cassandra/index/sai/disk/v1/vector/OptimizeFor.java
CASSANDRA-18715,src/java/org/apache/cassandra/index/sai/disk/v1/vector/RamAwareVectorValues.java
CASSANDRA-18715,src/java/org/apache/cassandra/index/sai/disk/v1/vector/RamEstimation.java
CASSANDRA-18715,src/java/org/apache/cassandra/index/sai/disk/v1/vector/RandomAccessReaderAdapter.java
CASSANDRA-18715,src/java/org/apache/cassandra/index/sai/disk/v1/vector/VectorPostings.java
CASSANDRA-18715,src/java/org/apache/cassandra/index/sai/disk/v1/vector/VectorPostingsWriter.java
CASSANDRA-18715,src/java/org/apache/cassandra/index/sai/iterators/KeyRangeIterator.java
CASSANDRA-18715,src/java/org/apache/cassandra/index/sai/iterators/KeyRangeListIterator.java
CASSANDRA-18715,src/java/org/apache/cassandra/index/sai/iterators/KeyRangeOrderingIterator.java
CASSANDRA-18715,src/java/org/apache/cassandra/index/sai/memory/MemoryIndex.java
CASSANDRA-18715,src/java/org/apache/cassandra/index/sai/memory/MemtableIndex.java
CASSANDRA-18715,src/java/org/apache/cassandra/index/sai/memory/MemtableIndexManager.java
CASSANDRA-18715,src/java/org/apache/cassandra/index/sai/memory/MemtableOrdering.java
CASSANDRA-18715,src/java/org/apache/cassandra/index/sai/memory/TrieMemoryIndex.java
CASSANDRA-18715,src/java/org/apache/cassandra/index/sai/memory/VectorMemoryIndex.java
CASSANDRA-18715,src/java/org/apache/cassandra/index/sai/plan/Expression.java
CASSANDRA-18715,src/java/org/apache/cassandra/index/sai/plan/FilterTree.java
CASSANDRA-18715,src/java/org/apache/cassandra/index/sai/plan/Operation.java
CASSANDRA-18715,src/java/org/apache/cassandra/index/sai/plan/QueryController.java
CASSANDRA-18715,src/java/org/apache/cassandra/index/sai/plan/QueryViewBuilder.java
CASSANDRA-18715,src/java/org/apache/cassandra/index/sai/plan/StorageAttachedIndexQueryPlan.java
CASSANDRA-18715,src/java/org/apache/cassandra/index/sai/plan/StorageAttachedIndexSearcher.java
CASSANDRA-18715,src/java/org/apache/cassandra/index/sai/plan/VectorTopKProcessor.java
CASSANDRA-18715,src/java/org/apache/cassandra/index/sai/postings/IntArrayPostingList.java
CASSANDRA-18715,src/java/org/apache/cassandra/index/sai/postings/PeekablePostingList.java
CASSANDRA-18715,src/java/org/apache/cassandra/index/sai/postings/PostingList.java
CASSANDRA-18715,src/java/org/apache/cassandra/index/sai/postings/RangePostingList.java
CASSANDRA-18715,src/java/org/apache/cassandra/index/sai/utils/AtomicRatio.java
CASSANDRA-18715,src/java/org/apache/cassandra/index/sai/utils/InMemoryPartitionIterator.java
CASSANDRA-18715,src/java/org/apache/cassandra/index/sai/utils/InMemoryUnfilteredPartitionIterator.java
CASSANDRA-18715,src/java/org/apache/cassandra/index/sai/utils/PartitionInfo.java
CASSANDRA-18715,src/java/org/apache/cassandra/index/sai/utils/RangeUtil.java
CASSANDRA-18715,src/java/org/apache/cassandra/index/sai/utils/TypeUtil.java
CASSANDRA-18715,src/java/org/apache/cassandra/index/sai/view/IndexViewManager.java
CASSANDRA-18715,src/java/org/apache/cassandra/index/sai/view/View.java
CASSANDRA-18715,src/java/org/apache/cassandra/io/util/MmappedRegions.java
CASSANDRA-18715,src/java/org/apache/cassandra/io/util/RandomAccessReader.java
CASSANDRA-18715,src/java/org/apache/cassandra/io/util/Rebufferer.java
CASSANDRA-18715,src/java/org/apache/cassandra/locator/ReplicaLayout.java
CASSANDRA-18715,src/java/org/apache/cassandra/locator/ReplicaPlan.java
CASSANDRA-18715,src/java/org/apache/cassandra/locator/ReplicaPlans.java
CASSANDRA-18715,src/java/org/apache/cassandra/service/pager/AggregationQueryPager.java
CASSANDRA-18715,src/java/org/apache/cassandra/service/pager/PartitionRangeQueryPager.java
CASSANDRA-18715,src/java/org/apache/cassandra/service/pager/QueryPager.java
CASSANDRA-18715,src/java/org/apache/cassandra/service/reads/DataResolver.java
CASSANDRA-18715,src/java/org/apache/cassandra/service/reads/range/RangeCommandIterator.java
CASSANDRA-18715,src/java/org/apache/cassandra/service/reads/range/RangeCommands.java
CASSANDRA-18715,src/java/org/apache/cassandra/service/reads/range/ScanAllRangesCommandIterator.java
CASSANDRA-18715,src/java/org/apache/cassandra/utils/ByteBufferUtil.java
CASSANDRA-18715,test/data/siftsmall/siftsmall_base.fvecs
CASSANDRA-18715,test/data/siftsmall/siftsmall_groundtruth.ivecs
CASSANDRA-18715,test/data/siftsmall/siftsmall_learn.fvecs
CASSANDRA-18715,test/data/siftsmall/siftsmall_query.fvecs
CASSANDRA-18715,test/distributed/org/apache/cassandra/distributed/fuzz/SSTableGenerator.java
CASSANDRA-18715,test/distributed/org/apache/cassandra/distributed/test/sai/VectorDistributedTest.java
CASSANDRA-18715,test/distributed/org/apache/cassandra/distributed/test/sai/VectorValidationTest.java
CASSANDRA-18715,test/resources/glove.3K.50d.txt
CASSANDRA-18715,test/unit/org/apache/cassandra/batchlog/BatchlogEndpointFilterTest.java
CASSANDRA-18715,test/unit/org/apache/cassandra/cql3/CQLTester.java
CASSANDRA-18715,test/unit/org/apache/cassandra/cql3/functions/VectorFctsTest.java
CASSANDRA-18715,test/unit/org/apache/cassandra/index/sai/cql/ComplexQueryTest.java
CASSANDRA-18715,test/unit/org/apache/cassandra/index/sai/cql/VectorInvalidQueryTest.java
CASSANDRA-18715,test/unit/org/apache/cassandra/index/sai/cql/VectorLocalTest.java
CASSANDRA-18715,test/unit/org/apache/cassandra/index/sai/cql/VectorSegmentationTest.java
CASSANDRA-18715,test/unit/org/apache/cassandra/index/sai/cql/VectorSiftSmallTest.java
CASSANDRA-18715,test/unit/org/apache/cassandra/index/sai/cql/VectorTester.java
CASSANDRA-18715,test/unit/org/apache/cassandra/index/sai/cql/VectorTypeTest.java
CASSANDRA-18715,test/unit/org/apache/cassandra/index/sai/cql/VectorUpdateDeleteTest.java
CASSANDRA-18715,test/unit/org/apache/cassandra/index/sai/disk/v1/BalancedTreeIndexSearcherTest.java
CASSANDRA-18715,test/unit/org/apache/cassandra/index/sai/disk/v1/InvertedIndexSearcherTest.java
CASSANDRA-18715,test/unit/org/apache/cassandra/index/sai/disk/v1/bbtree/BlockBalancedTreeIndexBuilder.java
CASSANDRA-18715,test/unit/org/apache/cassandra/index/sai/iterators/LongIterator.java
CASSANDRA-18715,test/unit/org/apache/cassandra/index/sai/memory/TrieMemoryIndexTest.java
CASSANDRA-18715,test/unit/org/apache/cassandra/index/sai/memory/VectorMemoryIndexTest.java
CASSANDRA-18715,test/unit/org/apache/cassandra/index/sai/utils/Glove.java
CASSANDRA-18715,test/unit/org/apache/cassandra/inject/Injection.java
CASSANDRA-18715,test/unit/org/apache/cassandra/tracing/TracingTest.java
CASSANDRA-18715,test/unit/org/apache/cassandra/tracing/TracingTestImpl.java
CASSANDRA-18715,test/unit/org/apache/cassandra/utils/AbstractTypeGenerators.java
CASSANDRA-18714,CHANGES.txt
CASSANDRA-18714,src/java/org/apache/cassandra/config/Config.java
CASSANDRA-18714,src/java/org/apache/cassandra/db/ColumnFamilyStore.java
CASSANDRA-18714,src/java/org/apache/cassandra/db/ColumnFamilyStoreMBean.java
CASSANDRA-18714,src/java/org/apache/cassandra/db/SSTableImporter.java
CASSANDRA-18714,src/java/org/apache/cassandra/db/memtable/TrieMemtable.java
CASSANDRA-18714,src/java/org/apache/cassandra/db/streaming/CassandraStreamReceiver.java
CASSANDRA-18714,src/java/org/apache/cassandra/index/Index.java
CASSANDRA-18714,src/java/org/apache/cassandra/index/SecondaryIndexManager.java
CASSANDRA-18714,src/java/org/apache/cassandra/index/sai/SSTableContextManager.java
CASSANDRA-18714,src/java/org/apache/cassandra/index/sai/StorageAttachedIndexBuilder.java
CASSANDRA-18714,src/java/org/apache/cassandra/index/sai/StorageAttachedIndexGroup.java
CASSANDRA-18714,src/java/org/apache/cassandra/index/sai/disk/format/IndexDescriptor.java
CASSANDRA-18714,src/java/org/apache/cassandra/index/sai/disk/v1/segment/SegmentTrieBuffer.java
CASSANDRA-18714,src/java/org/apache/cassandra/index/sai/view/IndexViewManager.java
CASSANDRA-18714,src/java/org/apache/cassandra/io/sstable/AbstractSSTableSimpleWriter.java
CASSANDRA-18714,src/java/org/apache/cassandra/io/sstable/CQLSSTableWriter.java
CASSANDRA-18714,src/java/org/apache/cassandra/locator/AbstractReplicationStrategy.java
CASSANDRA-18714,src/java/org/apache/cassandra/tools/NodeProbe.java
CASSANDRA-18714,src/java/org/apache/cassandra/tools/nodetool/Import.java
CASSANDRA-18714,test/unit/org/apache/cassandra/db/ImportTest.java
CASSANDRA-18714,test/unit/org/apache/cassandra/index/sai/SAITester.java
CASSANDRA-18714,test/unit/org/apache/cassandra/io/sstable/CQLSSTableWriterClientTest.java
CASSANDRA-18714,test/unit/org/apache/cassandra/io/sstable/CQLSSTableWriterConcurrencyTest.java
CASSANDRA-18714,test/unit/org/apache/cassandra/io/sstable/CQLSSTableWriterDaemonTest.java
CASSANDRA-18714,test/unit/org/apache/cassandra/io/sstable/CQLSSTableWriterTest.java
CASSANDRA-18710,test/unit/org/apache/cassandra/io/DiskSpaceMetricsTest.java
CASSANDRA-18710,test/unit/org/apache/cassandra/io/DiskSpaceMetricsTest.java
CASSANDRA-18707,test/distributed/org/apache/cassandra/distributed/impl/AbstractCluster.java
CASSANDRA-18706,test/unit/org/apache/cassandra/cql3/ViewTest.java
CASSANDRA-18697,CHANGES.txt
CASSANDRA-18697,src/java/org/apache/cassandra/db/ColumnFamilyStore.java
CASSANDRA-18697,test/unit/org/apache/cassandra/db/ColumnFamilyStoreClientModeTest.java
CASSANDRA-18690,build.xml
CASSANDRA-18690,build.xml
CASSANDRA-18681,CHANGES.txt
CASSANDRA-18681,src/java/org/apache/cassandra/net/InboundConnectionInitiator.java
CASSANDRA-18681,src/java/org/apache/cassandra/net/InboundSockets.java
CASSANDRA-18681,src/java/org/apache/cassandra/net/MessagingService.java
CASSANDRA-18681,src/java/org/apache/cassandra/net/MessagingServiceMBeanImpl.java
CASSANDRA-18681,src/java/org/apache/cassandra/net/OutboundConnectionInitiator.java
CASSANDRA-18681,src/java/org/apache/cassandra/security/SSLFactory.java
CASSANDRA-18681,src/java/org/apache/cassandra/transport/PipelineConfigurator.java
CASSANDRA-18681,src/java/org/apache/cassandra/transport/SimpleClient.java
CASSANDRA-18681,test/distributed/org/apache/cassandra/distributed/test/AbstractEncryptionOptionsImpl.java
CASSANDRA-18681,test/unit/org/apache/cassandra/security/DefaultSslContextFactoryTest.java
CASSANDRA-18681,test/unit/org/apache/cassandra/security/PEMBasedSslContextFactoryTest.java
CASSANDRA-18681,test/unit/org/apache/cassandra/security/SSLFactoryTest.java
CASSANDRA-18643,.build/dependency-check-suppressions.xml
CASSANDRA-18643,CHANGES.txt
CASSANDRA-18608,CHANGES.txt
CASSANDRA-18608,build.xml
CASSANDRA-18608,.build/dependency-check-suppressions.xml
CASSANDRA-18608,CHANGES.txt
CASSANDRA-18598,src/java/org/apache/cassandra/config/CassandraRelevantProperties.java
CASSANDRA-18598,src/java/org/apache/cassandra/index/sai/disk/v1/MemtableIndexWriter.java
CASSANDRA-18598,src/java/org/apache/cassandra/index/sai/disk/v1/SSTableIndexWriter.java
CASSANDRA-18598,src/java/org/apache/cassandra/index/sai/disk/v1/bbtree/BlockBalancedTreeIterator.java
CASSANDRA-18598,src/java/org/apache/cassandra/index/sai/disk/v1/bbtree/BlockBalancedTreeWriter.java
CASSANDRA-18598,src/java/org/apache/cassandra/index/sai/disk/v1/bbtree/NumericIndexWriter.java
CASSANDRA-18598,src/java/org/apache/cassandra/index/sai/disk/v1/segment/LiteralIndexSegmentSearcher.java
CASSANDRA-18598,src/java/org/apache/cassandra/index/sai/disk/v1/segment/SegmentBuilder.java
CASSANDRA-18598,src/java/org/apache/cassandra/index/sai/disk/v1/segment/SegmentTrieBuffer.java
CASSANDRA-18598,src/java/org/apache/cassandra/index/sai/disk/v1/segment/SegmentWriter.java
CASSANDRA-18598,src/java/org/apache/cassandra/index/sai/disk/v1/trie/LiteralIndexWriter.java
CASSANDRA-18598,src/java/org/apache/cassandra/index/sai/memory/ByteSliceReader.java
CASSANDRA-18598,src/java/org/apache/cassandra/index/sai/memory/MemtableTermsIterator.java
CASSANDRA-18598,src/java/org/apache/cassandra/index/sai/memory/RAMPostingSlices.java
CASSANDRA-18598,src/java/org/apache/cassandra/index/sai/memory/RAMStringIndexer.java
CASSANDRA-18598,src/java/org/apache/cassandra/index/sai/memory/TrieMemoryIndex.java
CASSANDRA-18598,src/java/org/apache/cassandra/index/sai/utils/IndexEntry.java
CASSANDRA-18598,src/java/org/apache/cassandra/index/sai/utils/IndexTermType.java
CASSANDRA-18598,src/java/org/apache/cassandra/index/sai/utils/TermsIterator.java
CASSANDRA-18598,test/distributed/org/apache/cassandra/distributed/test/sai/IndexStreamingFailureTest.java
CASSANDRA-18598,test/unit/org/apache/cassandra/index/sai/SAITester.java
CASSANDRA-18598,test/unit/org/apache/cassandra/index/sai/disk/v1/BalancedTreeIndexSearcherTest.java
CASSANDRA-18598,test/unit/org/apache/cassandra/index/sai/disk/v1/InvertedIndexBuilder.java
CASSANDRA-18598,test/unit/org/apache/cassandra/index/sai/disk/v1/InvertedIndexSearcherTest.java
CASSANDRA-18598,test/unit/org/apache/cassandra/index/sai/disk/v1/SegmentFlushTest.java
CASSANDRA-18598,test/unit/org/apache/cassandra/index/sai/disk/v1/TermsReaderTest.java
CASSANDRA-18598,test/unit/org/apache/cassandra/index/sai/disk/v1/TermsScanner.java
CASSANDRA-18598,test/unit/org/apache/cassandra/index/sai/disk/v1/bbtree/BlockBalancedTreeIndexBuilder.java
CASSANDRA-18598,test/unit/org/apache/cassandra/index/sai/disk/v1/bbtree/BlockBalancedTreeQueriesTest.java
CASSANDRA-18598,test/unit/org/apache/cassandra/index/sai/disk/v1/bbtree/BlockBalancedTreeReaderTest.java
CASSANDRA-18598,test/unit/org/apache/cassandra/index/sai/disk/v1/bbtree/BlockBalancedTreeTest.java
CASSANDRA-18598,test/unit/org/apache/cassandra/index/sai/disk/v1/bbtree/NumericIndexWriterTest.java
CASSANDRA-18598,test/unit/org/apache/cassandra/index/sai/disk/v1/segment/SegmentRamBufferTest.java
CASSANDRA-18598,test/unit/org/apache/cassandra/index/sai/memory/RAMPostingSlicesTest.java
CASSANDRA-18598,test/unit/org/apache/cassandra/index/sai/memory/RAMStringIndexerTest.java
CASSANDRA-18598,test/unit/org/apache/cassandra/index/sai/memory/TrieMemoryIndexTest.java
CASSANDRA-18598,test/unit/org/apache/cassandra/index/sai/memory/VectorMemoryIndexTest.java
CASSANDRA-18560,CHANGES.txt
CASSANDRA-18560,src/java/org/apache/cassandra/gms/EndpointState.java
CASSANDRA-18560,src/java/org/apache/cassandra/gms/Gossiper.java
CASSANDRA-18560,src/java/org/apache/cassandra/locator/ReconnectableSnitchHelper.java
CASSANDRA-18560,src/java/org/apache/cassandra/net/MessagingService.java
CASSANDRA-18560,src/java/org/apache/cassandra/net/OutboundConnectionSettings.java
CASSANDRA-18547,CHANGES.txt
CASSANDRA-18547,doc/modules/cassandra/pages/managing/operating/virtualtables.adoc
CASSANDRA-18547,pylib/cqlshlib/cqlshmain.py
CASSANDRA-18505,CHANGES.txt
CASSANDRA-18505,src/java/org/apache/cassandra/serializers/CollectionSerializer.java
CASSANDRA-18505,src/java/org/apache/cassandra/serializers/ListSerializer.java
CASSANDRA-18505,src/java/org/apache/cassandra/serializers/MapSerializer.java
CASSANDRA-18505,src/java/org/apache/cassandra/serializers/SetSerializer.java
CASSANDRA-18505,test/unit/org/apache/cassandra/cql3/validation/entities/CollectionsTest.java
CASSANDRA-18505,test/unit/org/apache/cassandra/transport/SerDeserTest.java
CASSANDRA-18482,test/distributed/org/apache/cassandra/distributed/test/HintsDisabledTest.java
CASSANDRA-18464,CHANGES.txt
CASSANDRA-18464,NEWS.txt
CASSANDRA-18464,conf/cassandra.yaml
CASSANDRA-18464,src/java/org/apache/cassandra/config/Config.java
CASSANDRA-18464,src/java/org/apache/cassandra/config/DatabaseDescriptor.java
CASSANDRA-18464,src/java/org/apache/cassandra/db/commitlog/AbstractCommitLogSegmentManager.java
CASSANDRA-18464,src/java/org/apache/cassandra/db/commitlog/CommitLog.java
CASSANDRA-18464,src/java/org/apache/cassandra/db/commitlog/CommitLogSegment.java
CASSANDRA-18464,src/java/org/apache/cassandra/db/commitlog/CommitLogSegmentManagerCDC.java
CASSANDRA-18464,src/java/org/apache/cassandra/db/commitlog/CommitLogSegmentManagerStandard.java
CASSANDRA-18464,src/java/org/apache/cassandra/db/commitlog/CompressedSegment.java
CASSANDRA-18464,src/java/org/apache/cassandra/db/commitlog/DirectIOSegment.java
CASSANDRA-18464,src/java/org/apache/cassandra/db/commitlog/EncryptedSegment.java
CASSANDRA-18464,src/java/org/apache/cassandra/db/commitlog/FileDirectSegment.java
CASSANDRA-18464,src/java/org/apache/cassandra/db/commitlog/MemoryMappedSegment.java
CASSANDRA-18464,src/java/org/apache/cassandra/io/util/FileUtils.java
CASSANDRA-18464,src/java/org/apache/cassandra/io/util/PathUtils.java
CASSANDRA-18464,src/java/org/apache/cassandra/service/StorageService.java
CASSANDRA-18464,test/conf/cassandra.yaml
CASSANDRA-18464,test/distributed/org/apache/cassandra/distributed/impl/InstanceConfig.java
CASSANDRA-18464,test/long/org/apache/cassandra/db/commitlog/BatchCommitLogStressTest.java
CASSANDRA-18464,test/long/org/apache/cassandra/db/commitlog/CommitLogStressTest.java
CASSANDRA-18464,test/long/org/apache/cassandra/db/commitlog/GroupCommitLogStressTest.java
CASSANDRA-18464,test/long/org/apache/cassandra/db/commitlog/PeriodicCommitLogStressTest.java
CASSANDRA-18464,test/unit/org/apache/cassandra/config/DatabaseDescriptorTest.java
CASSANDRA-18464,test/unit/org/apache/cassandra/db/RecoveryManagerFlushedTest.java
CASSANDRA-18464,test/unit/org/apache/cassandra/db/RecoveryManagerMissingHeaderTest.java
CASSANDRA-18464,test/unit/org/apache/cassandra/db/RecoveryManagerTest.java
CASSANDRA-18464,test/unit/org/apache/cassandra/db/RecoveryManagerTruncateTest.java
CASSANDRA-18464,test/unit/org/apache/cassandra/db/commitlog/CommitLogChainedMarkersTest.java
CASSANDRA-18464,test/unit/org/apache/cassandra/db/commitlog/CommitLogSegmentBackpressureTest.java
CASSANDRA-18464,test/unit/org/apache/cassandra/db/commitlog/CommitLogTest.java
CASSANDRA-18464,test/unit/org/apache/cassandra/db/commitlog/CommitlogShutdownTest.java
CASSANDRA-18464,test/unit/org/apache/cassandra/db/commitlog/DirectIOSegmentTest.java
CASSANDRA-18464,test/unit/org/apache/cassandra/utils/Generators.java
CASSANDRA-18448,CHANGES.txt
CASSANDRA-18448,src/java/org/apache/cassandra/tools/nodetool/stats/TableStatsHolder.java
CASSANDRA-18443,CHANGES.txt
CASSANDRA-18443,src/java/org/apache/cassandra/db/compaction/CompactionStrategyManager.java
CASSANDRA-18436,test/unit/org/apache/cassandra/cql3/EmptyValuesTest.java
CASSANDRA-18400,CHANGES.txt
CASSANDRA-18400,src/java/org/apache/cassandra/metrics/BufferPoolMetrics.java
CASSANDRA-18400,src/java/org/apache/cassandra/tools/NodeProbe.java
CASSANDRA-18400,src/java/org/apache/cassandra/tools/nodetool/Info.java
CASSANDRA-18393,src/java/org/apache/cassandra/gms/Gossiper.java
CASSANDRA-18393,test/unit/org/apache/cassandra/cql3/validation/operations/InsertUpdateIfConditionTest.java
CASSANDRA-18361,CHANGES.txt
CASSANDRA-18361,src/java/org/apache/cassandra/index/SecondaryIndexManager.java
CASSANDRA-18361,src/java/org/apache/cassandra/index/internal/CassandraIndex.java
CASSANDRA-18361,src/java/org/apache/cassandra/index/internal/CollatedViewIndexBuilder.java
CASSANDRA-18336,CHANGES.txt
CASSANDRA-18336,src/java/org/apache/cassandra/service/DefaultFSErrorHandler.java
CASSANDRA-18336,test/unit/org/apache/cassandra/service/DiskFailurePolicyTest.java
CASSANDRA-18332,CHANGES.txt
CASSANDRA-18332,src/java/org/apache/cassandra/db/lifecycle/LogTransaction.java
CASSANDRA-18332,src/java/org/apache/cassandra/utils/concurrent/Ref.java
CASSANDRA-18314,CHANGES.txt
CASSANDRA-18314,src/java/org/apache/cassandra/db/CounterMutation.java
CASSANDRA-18314,src/java/org/apache/cassandra/db/Mutation.java
CASSANDRA-18314,src/java/org/apache/cassandra/db/MutationVerbHandler.java
CASSANDRA-18314,src/java/org/apache/cassandra/db/ReadResponse.java
CASSANDRA-18314,src/java/org/apache/cassandra/db/filter/ColumnFilter.java
CASSANDRA-18314,src/java/org/apache/cassandra/exceptions/RequestFailureReason.java
CASSANDRA-18314,src/java/org/apache/cassandra/hints/HintsDescriptor.java
CASSANDRA-18314,src/java/org/apache/cassandra/locator/InetAddressAndPort.java
CASSANDRA-18314,src/java/org/apache/cassandra/net/ForwardingInfo.java
CASSANDRA-18314,src/java/org/apache/cassandra/net/FrameDecoder.java
CASSANDRA-18314,src/java/org/apache/cassandra/net/FrameDecoderLegacy.java
CASSANDRA-18314,src/java/org/apache/cassandra/net/FrameDecoderLegacyLZ4.java
CASSANDRA-18314,src/java/org/apache/cassandra/net/FrameEncoderLegacy.java
CASSANDRA-18314,src/java/org/apache/cassandra/net/FrameEncoderLegacyLZ4.java
CASSANDRA-18314,src/java/org/apache/cassandra/net/HandshakeProtocol.java
CASSANDRA-18314,src/java/org/apache/cassandra/net/InboundConnectionInitiator.java
CASSANDRA-18314,src/java/org/apache/cassandra/net/InboundMessageHandler.java
CASSANDRA-18314,src/java/org/apache/cassandra/net/LegacyFlag.java
CASSANDRA-18314,src/java/org/apache/cassandra/net/LegacyLZ4Constants.java
CASSANDRA-18314,src/java/org/apache/cassandra/net/Message.java
CASSANDRA-18314,src/java/org/apache/cassandra/net/MessagingService.java
CASSANDRA-18314,src/java/org/apache/cassandra/net/OutboundConnection.java
CASSANDRA-18314,src/java/org/apache/cassandra/net/OutboundConnectionInitiator.java
CASSANDRA-18314,src/java/org/apache/cassandra/net/OutboundConnectionSettings.java
CASSANDRA-18314,src/java/org/apache/cassandra/net/OutboundConnections.java
CASSANDRA-18314,src/java/org/apache/cassandra/net/ParamType.java
CASSANDRA-18314,src/java/org/apache/cassandra/net/RequestCallbacks.java
CASSANDRA-18314,src/java/org/apache/cassandra/net/Verb.java
CASSANDRA-18314,src/java/org/apache/cassandra/schema/CompressionParams.java
CASSANDRA-18314,src/java/org/apache/cassandra/service/pager/PagingState.java
CASSANDRA-18314,src/java/org/apache/cassandra/service/paxos/uncommitted/PaxosRows.java
CASSANDRA-18314,src/java/org/apache/cassandra/streaming/async/NettyStreamingChannel.java
CASSANDRA-18314,src/java/org/apache/cassandra/streaming/async/NettyStreamingConnectionFactory.java
CASSANDRA-18314,src/java/org/apache/cassandra/streaming/async/StreamingMultiplexedChannel.java
CASSANDRA-18314,test/burn/org/apache/cassandra/net/ConnectionBurnTest.java
CASSANDRA-18314,test/burn/org/apache/cassandra/net/MessageGenerator.java
CASSANDRA-18314,test/burn/org/apache/cassandra/net/Verifier.java
CASSANDRA-18314,test/microbench/org/apache/cassandra/test/microbench/MessageOutBench.java
CASSANDRA-18314,test/unit/org/apache/cassandra/db/ReadResponseTest.java
CASSANDRA-18314,test/unit/org/apache/cassandra/db/SinglePartitionSliceCommandTest.java
CASSANDRA-18314,test/unit/org/apache/cassandra/db/filter/ColumnFilterTest.java
CASSANDRA-18314,test/unit/org/apache/cassandra/locator/InetAddressAndPortSerializerTest.java
CASSANDRA-18314,test/unit/org/apache/cassandra/net/ConnectionTest.java
CASSANDRA-18314,test/unit/org/apache/cassandra/net/ForwardingInfoTest.java
CASSANDRA-18314,test/unit/org/apache/cassandra/net/FramingTest.java
CASSANDRA-18314,test/unit/org/apache/cassandra/net/HandshakeTest.java
CASSANDRA-18314,test/unit/org/apache/cassandra/net/MessageSerializationPropertyTest.java
CASSANDRA-18314,test/unit/org/apache/cassandra/net/MessageTest.java
CASSANDRA-18314,test/unit/org/apache/cassandra/net/ProxyHandlerConnectionsTest.java
CASSANDRA-18314,test/unit/org/apache/cassandra/streaming/StreamTransferTaskTest.java
CASSANDRA-18314,test/unit/org/apache/cassandra/streaming/async/StreamingInboundHandlerTest.java
CASSANDRA-18314,test/unit/org/apache/cassandra/streaming/async/StreamingMultiplexedChannelTest.java
CASSANDRA-18314,test/unit/org/apache/cassandra/hints/HintsMaker.java
CASSANDRA-18283,CHANGES.txt
CASSANDRA-18283,NEWS.txt
CASSANDRA-18283,doc/modules/cassandra/pages/operating/metrics.adoc
CASSANDRA-18283,src/java/org/apache/cassandra/db/ColumnFamilyStore.java
CASSANDRA-18283,src/java/org/apache/cassandra/db/ColumnFamilyStoreMBean.java
CASSANDRA-18283,src/java/org/apache/cassandra/db/compaction/TimeWindowCompactionStrategyOptions.java
CASSANDRA-18283,src/java/org/apache/cassandra/metrics/TableMetrics.java
CASSANDRA-18283,src/java/org/apache/cassandra/tools/NodeProbe.java
CASSANDRA-18283,src/java/org/apache/cassandra/tools/nodetool/TableStats.java
CASSANDRA-18283,src/java/org/apache/cassandra/tools/nodetool/stats/StatsTable.java
CASSANDRA-18283,src/java/org/apache/cassandra/tools/nodetool/stats/StatsTableComparator.java
CASSANDRA-18283,src/java/org/apache/cassandra/tools/nodetool/stats/TableStatsHolder.java
CASSANDRA-18283,src/java/org/apache/cassandra/tools/nodetool/stats/TableStatsPrinter.java
CASSANDRA-18283,test/unit/org/apache/cassandra/tools/nodetool/TableStatsTest.java
CASSANDRA-18283,test/unit/org/apache/cassandra/tools/nodetool/stats/StatsTableComparatorTest.java
CASSANDRA-18283,test/unit/org/apache/cassandra/tools/nodetool/stats/TableStatsPrinterTest.java
CASSANDRA-18283,test/unit/org/apache/cassandra/tools/nodetool/stats/TableStatsTestBase.java
