Bug_ID,File
HIVE-24569,llap-server/src/java/org/apache/hadoop/hive/llap/daemon/impl/LlapConstants.java
HIVE-24569,llap-server/src/java/org/apache/hadoop/hive/llap/daemon/impl/QueryTracker.java
HIVE-24569,llap-server/src/java/org/apache/hadoop/hive/llap/log/LlapRandomAccessFileAppender.java
HIVE-24569,llap-server/src/java/org/apache/hadoop/hive/llap/log/LlapRoutingAppenderPurgePolicy.java
HIVE-24569,llap-server/src/java/org/apache/hadoop/hive/llap/log/LlapWrappedAppender.java
HIVE-24569,llap-server/src/java/org/apache/hadoop/hive/llap/log/Log4jQueryCompleteMarker.java
HIVE-24569,llap-server/src/test/org/apache/hadoop/hive/llap/daemon/LlapDaemonExtension.java
HIVE-24569,llap-server/src/test/org/apache/hadoop/hive/llap/daemon/LlapDaemonTestUtils.java
HIVE-24569,llap-server/src/test/org/apache/hadoop/hive/llap/daemon/impl/TestLlapDaemonLogging.java
HIVE-24569,testutils/src/java/org/apache/hive/testutils/junit/extensions/DoNothingTCPServer.java
HIVE-24569,testutils/src/java/org/apache/hive/testutils/junit/extensions/DoNothingTCPServerExtension.java
HIVE-24569,testutils/src/test/java/org/apache/hive/testutils/junit/extensions/TestDoNothingTCPServerExtension.java
HIVE-23873,jdbc-handler/src/main/java/org/apache/hive/storage/jdbc/dao/JdbcRecordIterator.java
HIVE-22412,ql/src/java/org/apache/hadoop/hive/ql/stats/StatsUtils.java
HIVE-22412,serde/src/java/org/apache/hadoop/hive/serde2/objectinspector/StandardConstantMapObjectInspector.java
HIVE-21971,ql/src/java/org/apache/hadoop/hive/ql/session/SessionState.java
HIVE-21971,ql/src/test/org/apache/hadoop/hive/ql/session/TestSessionState.java
HIVE-21342,ql/src/java/org/apache/hadoop/hive/ql/parse/ColumnStatsSemanticAnalyzer.java
HIVE-20886,ql/src/java/org/apache/hadoop/hive/ql/udf/generic/GenericUDFLower.java
HIVE-20886,ql/src/java/org/apache/hadoop/hive/ql/udf/generic/GenericUDFUpper.java
HIVE-20441,ql/src/java/org/apache/hadoop/hive/ql/exec/Registry.java
HIVE-20441,ql/src/test/org/apache/hadoop/hive/ql/parse/type/TestExprProcessorGetFuncExpr.java
HIVE-20192,service/src/java/org/apache/hive/service/server/ThreadWithGarbageCleanup.java
HIVE-20192,standalone-metastore/metastore-server/src/main/java/org/apache/hadoop/hive/metastore/HiveMetaStore.java
HIVE-20192,standalone-metastore/metastore-server/src/main/java/org/apache/hadoop/hive/metastore/ObjectStore.java
HIVE-20153,ql/src/java/org/apache/hadoop/hive/ql/udf/generic/GenericUDAFCount.java
HIVE-20153,ql/src/java/org/apache/hadoop/hive/ql/udf/generic/GenericUDAFSum.java
HIVE-20098,standalone-metastore/src/main/java/org/apache/hadoop/hive/metastore/StatObjectConverter.java
HIVE-19970,itests/hive-unit/src/test/java/org/apache/hadoop/hive/ql/parse/TestReplicationScenarios.java
HIVE-19970,itests/hive-unit/src/test/java/org/apache/hadoop/hive/ql/parse/TestReplicationScenariosAcidTables.java
HIVE-19970,itests/hive-unit/src/test/java/org/apache/hadoop/hive/ql/parse/TestReplicationScenariosAcrossInstances.java
HIVE-19970,itests/hive-unit/src/test/java/org/apache/hadoop/hive/ql/parse/WarehouseInstance.java
HIVE-19970,ql/src/java/org/apache/hadoop/hive/ql/ErrorMsg.java
HIVE-19970,ql/src/java/org/apache/hadoop/hive/ql/exec/repl/ReplDumpTask.java
HIVE-19970,ql/src/java/org/apache/hadoop/hive/ql/exec/repl/bootstrap/load/LoadDatabase.java
HIVE-19970,ql/src/java/org/apache/hadoop/hive/ql/exec/repl/util/ReplUtils.java
HIVE-19970,ql/src/java/org/apache/hadoop/hive/ql/parse/repl/dump/PartitionExport.java
HIVE-19970,ql/src/java/org/apache/hadoop/hive/ql/parse/repl/dump/Utils.java
HIVE-19970,ql/src/java/org/apache/hadoop/hive/ql/parse/repl/dump/io/FileOperations.java
HIVE-19970,standalone-metastore/src/main/java/org/apache/hadoop/hive/metastore/HiveAlterHandler.java
HIVE-19884,standalone-metastore/src/main/java/org/apache/hadoop/hive/metastore/MaterializationsInvalidationCache.java
HIVE-19884,standalone-metastore/src/main/java/org/apache/hadoop/hive/metastore/txn/TxnHandler.java
HIVE-19860,serde/src/java/org/apache/hadoop/hive/serde2/objectinspector/ObjectInspectorFactory.java
HIVE-19731,hcatalog/hcatalog-pig-adapter/src/test/java/org/apache/hive/hcatalog/pig/TestHCatLoaderComplexSchema.java
HIVE-19206,common/src/java/org/apache/hadoop/hive/common/HeapMemoryMonitor.java
HIVE-19206,common/src/java/org/apache/hadoop/hive/conf/HiveConf.java
HIVE-19206,ql/src/java/org/apache/hadoop/hive/ql/io/RecordUpdater.java
HIVE-19206,ql/src/java/org/apache/hadoop/hive/ql/io/orc/OrcOutputFormat.java
HIVE-19206,ql/src/java/org/apache/hadoop/hive/ql/io/orc/OrcRecordUpdater.java
HIVE-19206,ql/src/test/org/apache/hadoop/hive/ql/exec/TestFileSinkOperator.java
HIVE-19206,streaming/src/java/org/apache/hive/streaming/AbstractRecordWriter.java
HIVE-19206,streaming/src/java/org/apache/hive/streaming/ConnectionInfo.java
HIVE-19206,streaming/src/java/org/apache/hive/streaming/ConnectionStats.java
HIVE-19206,streaming/src/java/org/apache/hive/streaming/HiveStreamingConnection.java
HIVE-19206,streaming/src/java/org/apache/hive/streaming/StreamingConnection.java
HIVE-19206,streaming/src/java/org/apache/hive/streaming/StrictDelimitedInputWriter.java
HIVE-19206,streaming/src/java/org/apache/hive/streaming/StrictJsonWriter.java
HIVE-19206,streaming/src/java/org/apache/hive/streaming/StrictRegexWriter.java
HIVE-18929,common/src/java/org/apache/hive/common/util/HiveStringUtils.java
HIVE-18786,ql/src/java/org/apache/hadoop/hive/ql/udf/generic/GenericUDAFEvaluator.java
HIVE-18786,ql/src/test/org/apache/hadoop/hive/ql/udf/generic/TestGenericUDAFEvaluator.java
HIVE-18611,ql/src/java/org/apache/hadoop/hive/ql/optimizer/stats/annotation/StatsRulesProcFactory.java
HIVE-18611,ql/src/java/org/apache/hadoop/hive/ql/udf/generic/GenericUDAFBloomFilter.java
HIVE-18611,ql/src/java/org/apache/hadoop/hive/ql/udf/generic/GenericUDAFEvaluator.java
HIVE-18611,storage-api/src/java/org/apache/hive/common/util/BloomKFilter.java
HIVE-18421,common/src/java/org/apache/hadoop/hive/conf/HiveConf.java
HIVE-18421,itests/hive-jmh/src/main/java/org/apache/hive/benchmark/vectorization/VectorizedArithmeticBench.java
HIVE-18421,ql/src/java/org/apache/hadoop/hive/ql/exec/vector/VectorExpressionDescriptor.java
HIVE-18421,ql/src/java/org/apache/hadoop/hive/ql/exec/vector/VectorizationContext.java
HIVE-18421,ql/src/java/org/apache/hadoop/hive/ql/exec/vector/expressions/LongColModuloLongColumnChecked.java
HIVE-18421,ql/src/java/org/apache/hadoop/hive/ql/exec/vector/expressions/OverflowUtils.java
HIVE-18421,ql/src/java/org/apache/hadoop/hive/ql/exec/vector/expressions/PosModDoubleToDouble.java
HIVE-18421,ql/src/java/org/apache/hadoop/hive/ql/exec/vector/expressions/PosModLongToLong.java
HIVE-18421,ql/src/java/org/apache/hadoop/hive/ql/exec/vector/expressions/VectorExpression.java
HIVE-18421,ql/src/java/org/apache/hadoop/hive/ql/udf/generic/GenericUDFOPMinus.java
HIVE-18421,ql/src/java/org/apache/hadoop/hive/ql/udf/generic/GenericUDFOPMod.java
HIVE-18421,ql/src/java/org/apache/hadoop/hive/ql/udf/generic/GenericUDFOPMultiply.java
HIVE-18421,ql/src/java/org/apache/hadoop/hive/ql/udf/generic/GenericUDFOPNegative.java
HIVE-18421,ql/src/java/org/apache/hadoop/hive/ql/udf/generic/GenericUDFOPPlus.java
HIVE-18421,ql/src/test/org/apache/hadoop/hive/ql/exec/vector/expressions/TestUnaryMinus.java
HIVE-18421,ql/src/test/org/apache/hadoop/hive/ql/exec/vector/expressions/TestVectorArithmeticExpressions.java
HIVE-18421,ql/src/test/org/apache/hadoop/hive/ql/exec/vector/expressions/TestVectorMathFunctions.java
HIVE-18421,vector-code-gen/src/org/apache/hadoop/hive/tools/GenVectorCode.java
HIVE-18421,vector-code-gen/src/org/apache/hadoop/hive/tools/GenVectorTestCode.java
HIVE-18284,ql/src/java/org/apache/hadoop/hive/ql/optimizer/correlation/ReduceSinkDeDuplicationUtils.java
HIVE-17272,ql/src/java/org/apache/hadoop/hive/ql/exec/vector/VectorMapOperator.java
HIVE-17188,metastore/src/java/org/apache/hadoop/hive/metastore/ObjectStore.java
HIVE-17098,hbase-handler/src/java/org/apache/hadoop/hive/hbase/HiveHBaseTableInputFormat.java
HIVE-16961,spark-client/src/main/java/org/apache/hive/spark/client/SparkClientImpl.java
HIVE-16877,ql/src/java/org/apache/hadoop/hive/ql/ErrorMsg.java
HIVE-16877,ql/src/java/org/apache/hadoop/hive/ql/parse/DDLSemanticAnalyzer.java
HIVE-16845,ql/src/java/org/apache/hadoop/hive/ql/plan/ConditionalResolverMergeFiles.java
HIVE-16765,ql/src/java/org/apache/hadoop/hive/ql/io/parquet/vector/VectorizedParquetRecordReader.java
HIVE-16587,ql/src/java/org/apache/hadoop/hive/ql/stats/StatsUtils.java
HIVE-16329,llap-common/src/java/org/apache/hadoop/hive/llap/LlapDaemonInfo.java
HIVE-16329,llap-server/src/java/org/apache/hadoop/hive/llap/daemon/impl/LlapDaemon.java
HIVE-16329,llap-server/src/test/org/apache/hadoop/hive/llap/daemon/MiniLlapCluster.java
HIVE-16329,ql/src/java/org/apache/hadoop/hive/ql/exec/GroupByOperator.java
HIVE-16329,ql/src/java/org/apache/hadoop/hive/ql/exec/TopNHash.java
HIVE-16321,metastore/src/java/org/apache/hadoop/hive/metastore/txn/TxnHandler.java
HIVE-16249,ql/src/java/org/apache/hadoop/hive/ql/optimizer/calcite/stats/FilterSelectivityEstimator.java
HIVE-16180,llap-server/src/java/org/apache/hadoop/hive/llap/cache/SimpleAllocator.java
HIVE-16180,ql/src/java/org/apache/hadoop/hive/ql/io/orc/encoded/EncodedReaderImpl.java
HIVE-16150,ql/src/java/org/apache/hadoop/hive/ql/io/HiveInputFormat.java
HIVE-15992,llap-tez/src/java/org/apache/hadoop/hive/llap/tezplugins/LlapTaskCommunicator.java
HIVE-15956,standalone-metastore/metastore-server/src/main/java/org/apache/hadoop/hive/metastore/ObjectStore.java
HIVE-15855,hplsql/src/main/java/org/apache/hive/hplsql/Exec.java
HIVE-15778,metastore/src/java/org/apache/hadoop/hive/metastore/HiveMetaStore.java
HIVE-15766,hcatalog/server-extensions/src/main/java/org/apache/hive/hcatalog/listener/DbNotificationListener.java
HIVE-15766,metastore/src/java/org/apache/hadoop/hive/metastore/HiveMetaStore.java
HIVE-15669,llap-server/src/java/org/apache/hadoop/hive/llap/daemon/impl/comparator/ShortestJobFirstComparator.java
HIVE-15669,llap-server/src/test/org/apache/hadoop/hive/llap/daemon/impl/TaskExecutorTestHelpers.java
HIVE-15669,llap-server/src/test/org/apache/hadoop/hive/llap/daemon/impl/TestTaskExecutorService.java
HIVE-15669,llap-server/src/test/org/apache/hadoop/hive/llap/daemon/impl/comparator/TestShortestJobFirstComparator.java
HIVE-15551,metastore/src/java/org/apache/hadoop/hive/metastore/MetaStoreDirectSql.java
HIVE-15543,ql/src/java/org/apache/hadoop/hive/ql/optimizer/spark/SetSparkReducerParallelism.java
HIVE-15503,ql/src/java/org/apache/hadoop/hive/ql/exec/GroupByOperator.java
HIVE-15503,ql/src/java/org/apache/hadoop/hive/ql/exec/OperatorUtils.java
HIVE-15503,ql/src/java/org/apache/hadoop/hive/ql/exec/PTFTopNHash.java
HIVE-15503,ql/src/java/org/apache/hadoop/hive/ql/exec/ReduceSinkOperator.java
HIVE-15503,ql/src/java/org/apache/hadoop/hive/ql/exec/TopNHash.java
HIVE-15503,ql/src/java/org/apache/hadoop/hive/ql/exec/tez/MapRecordProcessor.java
HIVE-15503,ql/src/java/org/apache/hadoop/hive/ql/exec/tez/ReduceRecordProcessor.java
HIVE-15503,ql/src/java/org/apache/hadoop/hive/ql/plan/AbstractOperatorDesc.java
HIVE-15503,ql/src/java/org/apache/hadoop/hive/ql/plan/OperatorDesc.java
HIVE-15347,common/src/java/org/apache/hadoop/hive/conf/HiveConf.java
HIVE-15347,llap-common/src/java/org/apache/hadoop/hive/llap/LlapUtil.java
HIVE-15347,llap-server/src/java/org/apache/hadoop/hive/llap/cli/LlapServiceDriver.java
HIVE-15347,llap-server/src/java/org/apache/hadoop/hive/llap/daemon/impl/LlapDaemon.java
HIVE-15347,llap-server/src/test/org/apache/hadoop/hive/llap/daemon/MiniLlapCluster.java
HIVE-15275,beeline/src/java/org/apache/hive/beeline/BeeLine.java
HIVE-15275,beeline/src/java/org/apache/hive/beeline/cli/HiveCli.java
HIVE-15275,beeline/src/test/org/apache/hive/beeline/TestBeeLineHistory.java
HIVE-14974,beeline/src/test/org/apache/hive/beeline/TestBeeLineHistory.java
HIVE-14924,ql/src/java/org/apache/hadoop/hive/ql/metadata/HiveMetaStoreChecker.java
HIVE-14895,ql/src/java/org/apache/hadoop/hive/ql/txn/compactor/CompactorMR.java
HIVE-14814,ql/src/java/org/apache/hadoop/hive/ql/metadata/Hive.java
HIVE-14773,metastore/src/java/org/apache/hadoop/hive/metastore/IExtrapolatePartStatus.java
HIVE-14773,metastore/src/java/org/apache/hadoop/hive/metastore/StatObjectConverter.java
HIVE-14739,beeline/src/java/org/apache/hive/beeline/BeeLine.java
HIVE-14739,cli/src/java/org/apache/hadoop/hive/cli/CliDriver.java
HIVE-14739,common/src/java/org/apache/hive/common/util/ShutdownHookManager.java
HIVE-14739,common/src/test/org/apache/hive/common/util/TestShutdownHookManager.java
HIVE-14739,hcatalog/core/src/main/java/org/apache/hive/hcatalog/common/HiveClientCache.java
HIVE-14739,metastore/src/java/org/apache/hadoop/hive/metastore/HiveMetaStore.java
HIVE-14739,ql/src/java/org/apache/hadoop/hive/ql/exec/mr/HadoopJobExecHelper.java
HIVE-14739,ql/src/java/org/apache/hadoop/hive/ql/exec/spark/session/SparkSessionManagerImpl.java
HIVE-14739,ql/src/java/org/apache/hadoop/hive/ql/exec/tez/TezJobMonitor.java
HIVE-14739,ql/src/java/org/apache/hadoop/hive/ql/hooks/ATSHook.java
HIVE-14739,ql/src/java/org/apache/hadoop/hive/ql/lockmgr/zookeeper/CuratorFrameworkSingleton.java
HIVE-14739,service/src/java/org/apache/hive/service/server/HiveServer2.java
HIVE-14739,beeline/src/java/org/apache/hive/beeline/BeeLine.java
HIVE-14739,cli/src/java/org/apache/hadoop/hive/cli/CliDriver.java
HIVE-14739,common/src/java/org/apache/hive/common/util/ShutdownHookManager.java
HIVE-14739,common/src/test/org/apache/hive/common/util/TestShutdownHookManager.java
HIVE-14739,hcatalog/core/src/main/java/org/apache/hive/hcatalog/common/HiveClientCache.java
HIVE-14739,metastore/src/java/org/apache/hadoop/hive/metastore/HiveMetaStore.java
HIVE-14739,ql/src/java/org/apache/hadoop/hive/ql/exec/mr/HadoopJobExecHelper.java
HIVE-14739,ql/src/java/org/apache/hadoop/hive/ql/exec/spark/session/SparkSessionManagerImpl.java
HIVE-14739,ql/src/java/org/apache/hadoop/hive/ql/exec/tez/TezJobMonitor.java
HIVE-14739,ql/src/java/org/apache/hadoop/hive/ql/hooks/ATSHook.java
HIVE-14739,ql/src/java/org/apache/hadoop/hive/ql/lockmgr/zookeeper/CuratorFrameworkSingleton.java
HIVE-14739,service/src/java/org/apache/hive/service/server/HiveServer2.java
HIVE-14739,testutils/ptest2/src/main/java/org/apache/hive/ptest/api/server/ExecutionController.java
HIVE-14739,beeline/src/java/org/apache/hive/beeline/BeeLine.java
HIVE-14739,cli/src/java/org/apache/hadoop/hive/cli/CliDriver.java
HIVE-14739,common/src/java/org/apache/hive/common/util/ShutdownHookManager.java
HIVE-14739,common/src/test/org/apache/hive/common/util/TestShutdownHookManager.java
HIVE-14739,hcatalog/core/src/main/java/org/apache/hive/hcatalog/common/HiveClientCache.java
HIVE-14739,metastore/src/java/org/apache/hadoop/hive/metastore/HiveMetaStore.java
HIVE-14739,ql/src/java/org/apache/hadoop/hive/ql/exec/mr/HadoopJobExecHelper.java
HIVE-14739,ql/src/java/org/apache/hadoop/hive/ql/exec/spark/session/SparkSessionManagerImpl.java
HIVE-14739,ql/src/java/org/apache/hadoop/hive/ql/exec/tez/TezJobMonitor.java
HIVE-14739,ql/src/java/org/apache/hadoop/hive/ql/hooks/ATSHook.java
HIVE-14739,ql/src/java/org/apache/hadoop/hive/ql/lockmgr/zookeeper/CuratorFrameworkSingleton.java
HIVE-14739,service/src/java/org/apache/hive/service/server/HiveServer2.java
HIVE-14739,testutils/ptest2/src/main/java/org/apache/hive/ptest/api/server/ExecutionController.java
HIVE-14727,llap-server/src/java/org/apache/hadoop/hive/llap/cache/BuddyAllocator.java
HIVE-14694,ql/src/java/org/apache/hadoop/hive/ql/udf/UDFRand.java
HIVE-14658,ql/src/java/org/apache/hadoop/hive/ql/udf/generic/GenericUDFAbs.java
HIVE-14658,ql/src/test/org/apache/hadoop/hive/ql/udf/generic/TestGenericUDFAbs.java
HIVE-14617,ql/src/java/org/apache/hadoop/hive/ql/udf/generic/GenericUDFMapValues.java
HIVE-14617,ql/src/test/org/apache/hadoop/hive/ql/udf/generic/TestGenericUDFMapValues.java
HIVE-14446,common/src/java/org/apache/hadoop/hive/conf/HiveConf.java
HIVE-14446,common/src/test/org/apache/hive/common/util/TestBloomFilter.java
HIVE-14446,ql/src/java/org/apache/hadoop/hive/ql/exec/persistence/HybridHashTableContainer.java
HIVE-14402,ql/src/java/org/apache/hadoop/hive/ql/exec/vector/mapjoin/VectorMapJoinGenerateResultOperator.java
HIVE-14109,ql/src/java/org/apache/hadoop/hive/ql/exec/mr/ExecDriver.java
HIVE-14109,ql/src/java/org/apache/hadoop/hive/ql/exec/mr/HadoopJobExecHelper.java
HIVE-14109,ql/src/java/org/apache/hadoop/hive/ql/exec/mr/MapredLocalTask.java
HIVE-14109,ql/src/java/org/apache/hadoop/hive/ql/io/merge/MergeFileTask.java
HIVE-14109,ql/src/java/org/apache/hadoop/hive/ql/io/rcfile/stats/PartialScanTask.java
HIVE-14109,ql/src/java/org/apache/hadoop/hive/ql/io/rcfile/truncate/ColumnTruncateTask.java
HIVE-14090,metastore/src/java/org/apache/hadoop/hive/metastore/RetryingHMSHandler.java
HIVE-13934,common/src/java/org/apache/hadoop/hive/conf/HiveConf.java
HIVE-13934,ql/src/java/org/apache/hadoop/hive/ql/exec/tez/DagUtils.java
HIVE-13934,ql/src/java/org/apache/hadoop/hive/ql/exec/tez/TezTask.java
HIVE-13934,ql/src/java/org/apache/hadoop/hive/ql/parse/TezCompiler.java
HIVE-13934,ql/src/java/org/apache/hadoop/hive/ql/plan/BaseWork.java
HIVE-13934,ql/src/test/org/apache/hadoop/hive/ql/exec/tez/TestTezTask.java
HIVE-13932,ql/src/java/org/apache/hadoop/hive/ql/exec/SMBMapJoinOperator.java
HIVE-13809,ql/src/java/org/apache/hadoop/hive/ql/exec/MapJoinOperator.java
HIVE-13809,ql/src/java/org/apache/hadoop/hive/ql/exec/persistence/HybridHashTableContainer.java
HIVE-13809,ql/src/java/org/apache/hadoop/hive/ql/exec/tez/HashTableLoader.java
HIVE-13786,itests/hive-unit/src/test/java/org/apache/hive/service/cli/session/TestHiveSessionImpl.java
HIVE-13754,hcatalog/core/src/main/java/org/apache/hive/hcatalog/common/HCatConstants.java
HIVE-13754,hcatalog/core/src/main/java/org/apache/hive/hcatalog/common/HCatUtil.java
HIVE-13754,hcatalog/core/src/main/java/org/apache/hive/hcatalog/common/HiveClientCache.java
HIVE-13754,hcatalog/core/src/test/java/org/apache/hive/hcatalog/common/TestHiveClientCache.java
HIVE-13754,metastore/src/java/org/apache/hadoop/hive/metastore/IMetaStoreClient.java
HIVE-13754,metastore/src/java/org/apache/hadoop/hive/metastore/RetryingMetaStoreClient.java
HIVE-13754,metastore/src/java/org/apache/hadoop/hive/metastore/annotation/NoReconnect.java
HIVE-13749,metastore/src/java/org/apache/hadoop/hive/metastore/HiveMetaStore.java
HIVE-13745,common/src/java/org/apache/hadoop/hive/conf/HiveConf.java
HIVE-13745,ql/src/java/org/apache/hadoop/hive/ql/session/SessionState.java
HIVE-13745,ql/src/java/org/apache/hadoop/hive/ql/udf/generic/GenericUDFCurrentDate.java
HIVE-13745,ql/src/java/org/apache/hadoop/hive/ql/udf/generic/GenericUDFCurrentTimestamp.java
HIVE-13745,ql/src/java/org/apache/hadoop/hive/ql/udf/generic/GenericUDFUnixTimeStamp.java
HIVE-13745,common/src/java/org/apache/hadoop/hive/conf/HiveConf.java
HIVE-13745,ql/src/java/org/apache/hadoop/hive/ql/session/SessionState.java
HIVE-13745,ql/src/java/org/apache/hadoop/hive/ql/udf/generic/GenericUDFCurrentDate.java
HIVE-13745,ql/src/java/org/apache/hadoop/hive/ql/udf/generic/GenericUDFCurrentTimestamp.java
HIVE-13745,ql/src/java/org/apache/hadoop/hive/ql/udf/generic/GenericUDFUnixTimeStamp.java
HIVE-13730,ql/src/java/org/apache/hadoop/hive/ql/exec/persistence/HybridHashTableContainer.java
HIVE-13621,metastore/src/java/org/apache/hadoop/hive/metastore/hbase/HBaseUtils.java
HIVE-13621,ql/src/java/org/apache/hadoop/hive/ql/exec/Operator.java
HIVE-13621,ql/src/java/org/apache/hadoop/hive/ql/optimizer/stats/annotation/StatsRulesProcFactory.java
HIVE-13561,itests/hive-unit/src/test/java/org/apache/hive/jdbc/TestJdbcWithMiniHS2.java
HIVE-13561,ql/src/java/org/apache/hadoop/hive/ql/exec/Registry.java
HIVE-13527,hbase-handler/src/java/org/apache/hadoop/hive/hbase/HiveHBaseTableInputFormat.java
HIVE-13523,orc/src/java/org/apache/orc/DataReader.java
HIVE-13523,orc/src/java/org/apache/orc/DataReaderFactory.java
HIVE-13523,orc/src/java/org/apache/orc/MetadataReaderFactory.java
HIVE-13523,orc/src/java/org/apache/orc/impl/DataReaderProperties.java
HIVE-13523,orc/src/java/org/apache/orc/impl/DefaultMetadataReaderFactory.java
HIVE-13523,orc/src/java/org/apache/orc/impl/MetadataReader.java
HIVE-13523,orc/src/java/org/apache/orc/impl/MetadataReaderImpl.java
HIVE-13523,orc/src/java/org/apache/orc/impl/MetadataReaderProperties.java
HIVE-13523,orc/src/test/org/apache/orc/impl/TestDataReaderProperties.java
HIVE-13523,orc/src/test/org/apache/orc/impl/TestMetadataReaderProperties.java
HIVE-13523,ql/src/java/org/apache/hadoop/hive/ql/io/orc/DefaultDataReaderFactory.java
HIVE-13523,ql/src/java/org/apache/hadoop/hive/ql/io/orc/ReaderImpl.java
HIVE-13523,ql/src/java/org/apache/hadoop/hive/ql/io/orc/RecordReaderImpl.java
HIVE-13523,ql/src/java/org/apache/hadoop/hive/ql/io/orc/RecordReaderUtils.java
HIVE-13523,ql/src/test/org/apache/hadoop/hive/ql/io/orc/TestRecordReaderImpl.java
HIVE-13423,ql/src/java/org/apache/hadoop/hive/ql/udf/generic/GenericUDAFSum.java
HIVE-13405,ql/src/java/org/apache/hadoop/hive/ql/io/orc/OrcRawRecordMerger.java
HIVE-13343,common/src/java/org/apache/hadoop/hive/conf/HiveConf.java
HIVE-13343,ql/src/java/org/apache/hadoop/hive/ql/optimizer/physical/LlapDecider.java
HIVE-13163,orc/src/java/org/apache/orc/impl/MemoryManager.java
HIVE-13144,service/src/java/org/apache/hive/service/server/HiveServer2.java
HIVE-13129,service/src/java/org/apache/hive/service/cli/CLIService.java
HIVE-13090,itests/hive-unit/src/test/java/org/apache/hadoop/hive/thrift/TestZooKeeperTokenStore.java
HIVE-13090,shims/common/src/main/java/org/apache/hadoop/hive/thrift/TokenStoreDelegationTokenSecretManager.java
HIVE-13090,shims/common/src/main/java/org/apache/hadoop/hive/thrift/ZooKeeperTokenStore.java
HIVE-13065,hbase-handler/src/java/org/apache/hadoop/hive/hbase/HBaseRowSerializer.java
HIVE-13008,hcatalog/webhcat/svr/src/main/java/org/apache/hive/hcatalog/templeton/SecureProxySupport.java
HIVE-12990,llap-server/src/java/org/apache/hadoop/hive/llap/io/encoded/OrcEncodedDataReader.java
HIVE-12990,ql/src/java/org/apache/hadoop/hive/ql/io/orc/encoded/EncodedReaderImpl.java
HIVE-12954,ql/src/java/org/apache/hadoop/hive/ql/udf/generic/GenericUDFStringToMap.java
HIVE-12954,ql/src/test/org/apache/hadoop/hive/ql/udf/generic/TestGenericUDFStringToMap.java
HIVE-12904,llap-server/src/java/org/apache/hadoop/hive/llap/daemon/impl/QueryInfo.java
HIVE-12904,llap-server/src/java/org/apache/hadoop/hive/llap/daemon/impl/TaskExecutorService.java
HIVE-12864,ql/src/java/org/apache/hadoop/hive/ql/parse/ASTNode.java
HIVE-12864,ql/src/java/org/apache/hadoop/hive/ql/parse/SemanticAnalyzer.java
HIVE-12864,ql/src/java/org/apache/hadoop/hive/ql/parse/SubQueryUtils.java
HIVE-12837,ql/src/java/org/apache/hadoop/hive/ql/exec/persistence/HybridHashTableContainer.java
HIVE-12837,ql/src/java/org/apache/hadoop/hive/ql/exec/persistence/KeyValueContainer.java
HIVE-12815,ql/src/java/org/apache/hadoop/hive/ql/stats/StatsUtils.java
HIVE-12790,ql/src/java/org/apache/hadoop/hive/ql/exec/TaskRunner.java
HIVE-12790,ql/src/java/org/apache/hadoop/hive/ql/session/SessionState.java
HIVE-12787,metastore/src/java/org/apache/hadoop/hive/metastore/HiveMetaStore.java
HIVE-12740,ql/src/java/org/apache/hadoop/hive/ql/exec/Utilities.java
HIVE-12740,ql/src/java/org/apache/hadoop/hive/ql/exec/tez/DagUtils.java
HIVE-12684,ql/src/java/org/apache/hadoop/hive/ql/stats/StatsUtils.java
HIVE-12662,ql/src/java/org/apache/hadoop/hive/ql/optimizer/calcite/rules/HiveSortJoinReduceRule.java
HIVE-12660,service/src/java/org/apache/hive/service/cli/session/HiveSessionImpl.java
HIVE-12660,service/src/test/org/apache/hive/service/cli/session/TestSessionGlobalInitFile.java
HIVE-12610,ql/src/java/org/apache/hadoop/hive/ql/exec/MapJoinOperator.java
HIVE-12585,metastore/src/java/org/apache/hadoop/hive/metastore/txn/TxnHandler.java
HIVE-12577,llap-server/src/java/org/apache/hadoop/hive/llap/tezplugins/LlapDaemonProtocolClientProxy.java
HIVE-12577,llap-server/src/java/org/apache/hadoop/hive/llap/tezplugins/LlapTaskCommunicator.java
HIVE-12577,llap-server/src/test/org/apache/hadoop/hive/llap/tezplugins/TestLlapDaemonProtocolClientProxy.java
HIVE-12577,llap-server/src/test/org/apache/hadoop/hive/llap/tezplugins/TestLlapTaskCommunicator.java
HIVE-12532,ql/src/java/org/apache/hadoop/hive/ql/io/orc/encoded/EncodedReaderImpl.java
HIVE-12445,llap-server/src/java/org/apache/hadoop/hive/llap/daemon/impl/QueryFileCleaner.java
HIVE-12445,llap-server/src/java/org/apache/hadoop/hive/llap/daemon/impl/QueryTracker.java
HIVE-12418,hbase-handler/src/java/org/apache/hadoop/hive/hbase/HiveHBaseTableInputFormat.java
HIVE-12257,hcatalog/streaming/src/test/org/apache/hive/hcatalog/streaming/TestStreaming.java
HIVE-12257,ql/src/java/org/apache/hadoop/hive/ql/io/orc/FileDump.java
HIVE-12257,ql/src/java/org/apache/hadoop/hive/ql/io/orc/JsonFileDump.java
HIVE-12257,ql/src/java/org/apache/hadoop/hive/ql/io/orc/OrcRawRecordMerger.java
HIVE-12257,ql/src/java/org/apache/hadoop/hive/ql/io/orc/OrcRecordUpdater.java
HIVE-12250,hbase-handler/src/java/org/apache/hadoop/hive/hbase/HiveHBaseTableInputFormat.java
HIVE-12250,hbase-handler/src/java/org/apache/hadoop/hive/hbase/HiveHBaseTableOutputFormat.java
HIVE-12208,ql/src/java/org/apache/hadoop/hive/ql/exec/MapJoinOperator.java
HIVE-12208,ql/src/java/org/apache/hadoop/hive/ql/exec/vector/mapjoin/VectorMapJoinCommonOperator.java
HIVE-12202,ql/src/java/org/apache/hadoop/hive/ql/io/AcidInputFormat.java
HIVE-12202,ql/src/test/org/apache/hadoop/hive/ql/io/TestAcidInputFormat.java
HIVE-12196,ql/src/java/org/apache/hadoop/hive/ql/udf/generic/GenericUDFFromUtcTimestamp.java
HIVE-11940,ql/src/java/org/apache/hadoop/hive/ql/metadata/Hive.java
HIVE-11935,metastore/src/java/org/apache/hadoop/hive/metastore/HiveMetaStoreClient.java
HIVE-11849,hbase-handler/src/java/org/apache/hadoop/hive/hbase/HiveHBaseTableSnapshotInputFormat.java
HIVE-11824,ql/src/java/org/apache/hadoop/hive/ql/exec/MoveTask.java
HIVE-11768,service/src/test/org/apache/hive/service/cli/session/TestSessionCleanup.java
HIVE-11768,common/src/java/org/apache/hadoop/hive/common/FileUtils.java
HIVE-11768,common/src/java/org/apache/hive/common/util/ShutdownHookManager.java
HIVE-11768,common/src/test/org/apache/hive/common/util/TestShutdownHookManager.java
HIVE-11768,ql/src/java/org/apache/hadoop/hive/ql/session/SessionState.java
HIVE-11768,service/src/java/org/apache/hive/service/cli/operation/HiveCommandOperation.java
HIVE-11768,service/src/java/org/apache/hive/service/cli/operation/SQLOperation.java
HIVE-11714,ql/src/java/org/apache/hadoop/hive/ql/exec/tez/HashTableLoader.java
HIVE-11714,ql/src/java/org/apache/hadoop/hive/ql/optimizer/ConvertJoinMapJoin.java
HIVE-11596,ql/src/java/org/apache/hadoop/hive/ql/udf/generic/GenericUDFBasePad.java
HIVE-11596,ql/src/java/org/apache/hadoop/hive/ql/udf/generic/GenericUDFNvl.java
HIVE-11587,common/src/java/org/apache/hadoop/hive/conf/HiveConf.java
HIVE-11587,ql/src/java/org/apache/hadoop/hive/ql/exec/MapJoinOperator.java
HIVE-11587,ql/src/java/org/apache/hadoop/hive/ql/exec/persistence/BytesBytesMultiHashMap.java
HIVE-11587,ql/src/java/org/apache/hadoop/hive/ql/exec/persistence/HybridHashTableContainer.java
HIVE-11587,ql/src/java/org/apache/hadoop/hive/ql/exec/tez/HashTableLoader.java
HIVE-11587,serde/src/java/org/apache/hadoop/hive/serde2/WriteBuffers.java
HIVE-11499,itests/hive-unit/src/test/java/org/apache/hive/jdbc/TestJdbcWithMiniHS2.java
HIVE-11499,metastore/src/java/org/apache/hadoop/hive/metastore/HiveMetaStoreClient.java
HIVE-11499,metastore/src/java/org/apache/hadoop/hive/metastore/IMetaStoreClient.java
HIVE-11499,metastore/src/java/org/apache/hadoop/hive/metastore/ObjectStore.java
HIVE-11499,ql/src/java/org/apache/hadoop/hive/ql/session/SessionState.java
HIVE-11470,hcatalog/core/src/main/java/org/apache/hive/hcatalog/mapreduce/DynamicPartitionFileRecordWriterContainer.java
HIVE-11433,ql/src/java/org/apache/hadoop/hive/ql/parse/ParseUtils.java
HIVE-11380,ql/src/java/org/apache/hadoop/hive/ql/exec/FileSinkOperator.java
HIVE-11371,ql/src/java/org/apache/hadoop/hive/ql/exec/vector/VectorCopyRow.java
HIVE-11371,ql/src/java/org/apache/hadoop/hive/ql/exec/vector/mapjoin/VectorMapJoinGenerateResultOperator.java
HIVE-11221,ql/src/java/org/apache/hadoop/hive/ql/exec/tez/MergeFileRecordProcessor.java
HIVE-11216,ql/src/java/org/apache/hadoop/hive/ql/udf/generic/GenericUDFMapKeys.java
HIVE-11215,ql/src/java/org/apache/hadoop/hive/ql/exec/vector/mapjoin/VectorMapJoinRowBytesContainer.java
HIVE-11200,llap-server/src/java/org/apache/hadoop/hive/llap/cache/BuddyAllocator.java
HIVE-11200,llap-server/src/test/org/apache/hadoop/hive/llap/cache/TestBuddyAllocator.java
HIVE-11062,shims/0.23/src/main/java/org/apache/hadoop/hive/shims/Hadoop23Shims.java
HIVE-10963,ql/src/java/org/apache/hadoop/hive/ql/parse/CalcitePlanner.java
HIVE-10963,ql/src/java/org/apache/hadoop/hive/ql/parse/PTFInvocationSpec.java
HIVE-10963,ql/src/java/org/apache/hadoop/hive/ql/parse/WindowingSpec.java
HIVE-10961,llap-server/src/java/org/apache/hadoop/hive/llap/daemon/impl/AMReporter.java
HIVE-10961,llap-server/src/java/org/apache/hadoop/hive/llap/daemon/impl/ContainerRunnerImpl.java
HIVE-10961,llap-server/src/java/org/apache/hadoop/hive/llap/daemon/impl/LlapDaemon.java
HIVE-10925,metastore/src/java/org/apache/hadoop/hive/metastore/HiveMetaStore.java
HIVE-10925,ql/src/java/org/apache/hadoop/hive/ql/security/authorization/AuthorizationPreEventListener.java
HIVE-10895,metastore/src/java/org/apache/hadoop/hive/metastore/MetaStoreDirectSql.java
HIVE-10895,metastore/src/java/org/apache/hadoop/hive/metastore/ObjectStore.java
HIVE-10895,metastore/src/java/org/apache/hadoop/hive/metastore/tools/HiveMetaTool.java
HIVE-10895,metastore/src/test/org/apache/hadoop/hive/metastore/TestObjectStore.java
HIVE-10793,common/src/java/org/apache/hadoop/hive/conf/HiveConf.java
HIVE-10793,ql/src/java/org/apache/hadoop/hive/ql/exec/persistence/HybridHashTableContainer.java
HIVE-10781,ql/src/java/org/apache/hadoop/hive/ql/exec/mr/ExecDriver.java
HIVE-10781,ql/src/java/org/apache/hadoop/hive/ql/io/merge/MergeFileTask.java
HIVE-10781,ql/src/java/org/apache/hadoop/hive/ql/io/rcfile/stats/PartialScanTask.java
HIVE-10781,ql/src/java/org/apache/hadoop/hive/ql/io/rcfile/truncate/ColumnTruncateTask.java
HIVE-10759,llap-server/src/java/org/apache/hadoop/hive/llap/daemon/impl/EvictingPriorityBlockingQueue.java
HIVE-10759,llap-server/src/java/org/apache/hadoop/hive/llap/daemon/impl/TaskExecutorService.java
HIVE-10759,llap-server/src/java/org/apache/hadoop/hive/llap/daemon/impl/TaskRunnerCallable.java
HIVE-10759,llap-server/src/test/org/apache/hadoop/hive/llap/daemon/impl/TestTaskExecutorService.java
HIVE-10759,ql/src/java/org/apache/hadoop/hive/ql/exec/tez/TezJobMonitor.java
HIVE-10595,ql/src/java/org/apache/hadoop/hive/ql/txn/compactor/Cleaner.java
HIVE-10595,ql/src/java/org/apache/hadoop/hive/ql/txn/compactor/CompactorThread.java
HIVE-10595,ql/src/java/org/apache/hadoop/hive/ql/txn/compactor/Initiator.java
HIVE-10595,ql/src/java/org/apache/hadoop/hive/ql/txn/compactor/Worker.java
HIVE-10595,ql/src/test/org/apache/hadoop/hive/ql/txn/compactor/TestCleaner.java
HIVE-10595,ql/src/test/org/apache/hadoop/hive/ql/txn/compactor/TestInitiator.java
HIVE-10595,ql/src/test/org/apache/hadoop/hive/ql/txn/compactor/TestWorker.java
HIVE-10538,ql/src/java/org/apache/hadoop/hive/ql/exec/ReduceSinkOperator.java
HIVE-10495,metastore/src/java/org/apache/hadoop/hive/metastore/HiveMetaStore.java
HIVE-10483,common/src/java/org/apache/hadoop/hive/common/JavaUtils.java
HIVE-10483,metastore/src/java/org/apache/hadoop/hive/metastore/txn/TxnHandler.java
HIVE-10483,ql/src/java/org/apache/hadoop/hive/ql/lockmgr/DbLockManager.java
HIVE-10483,ql/src/test/org/apache/hadoop/hive/ql/TestTxnCommands2.java
HIVE-10456,ql/src/java/org/apache/hadoop/hive/ql/exec/MapJoinOperator.java
HIVE-10456,ql/src/java/org/apache/hadoop/hive/ql/exec/ObjectCache.java
HIVE-10456,ql/src/java/org/apache/hadoop/hive/ql/exec/mr/ObjectCache.java
HIVE-10456,ql/src/java/org/apache/hadoop/hive/ql/exec/persistence/HybridHashTableContainer.java
HIVE-10456,ql/src/java/org/apache/hadoop/hive/ql/exec/tez/HashTableLoader.java
HIVE-10456,ql/src/java/org/apache/hadoop/hive/ql/exec/tez/ObjectCache.java
HIVE-10456,ql/src/java/org/apache/hadoop/hive/ql/exec/vector/mapjoin/VectorMapJoinRowBytesContainer.java
HIVE-10428,hcatalog/core/src/main/java/org/apache/hive/hcatalog/mapreduce/InternalUtil.java
HIVE-10428,metastore/src/java/org/apache/hadoop/hive/metastore/MetaStoreUtils.java
HIVE-10428,serde/src/java/org/apache/hadoop/hive/serde2/SerDeUtils.java
HIVE-10403,common/src/java/org/apache/hadoop/hive/conf/HiveConf.java
HIVE-10403,ql/src/java/org/apache/hadoop/hive/ql/exec/HashTableLoader.java
HIVE-10403,ql/src/java/org/apache/hadoop/hive/ql/exec/MapJoinOperator.java
HIVE-10403,ql/src/java/org/apache/hadoop/hive/ql/exec/mr/HashTableLoader.java
HIVE-10403,ql/src/java/org/apache/hadoop/hive/ql/exec/persistence/BytesBytesMultiHashMap.java
HIVE-10403,ql/src/java/org/apache/hadoop/hive/ql/exec/persistence/HybridHashTableConf.java
HIVE-10403,ql/src/java/org/apache/hadoop/hive/ql/exec/persistence/HybridHashTableContainer.java
HIVE-10403,ql/src/java/org/apache/hadoop/hive/ql/exec/persistence/KeyValueContainer.java
HIVE-10403,ql/src/java/org/apache/hadoop/hive/ql/exec/persistence/ObjectContainer.java
HIVE-10403,ql/src/java/org/apache/hadoop/hive/ql/exec/spark/HashTableLoader.java
HIVE-10403,ql/src/java/org/apache/hadoop/hive/ql/exec/tez/HashTableLoader.java
HIVE-10403,ql/src/java/org/apache/hadoop/hive/ql/exec/vector/VectorMapJoinOperator.java
HIVE-10403,ql/src/java/org/apache/hadoop/hive/ql/exec/vector/mapjoin/VectorMapJoinCommonOperator.java
HIVE-10403,ql/src/java/org/apache/hadoop/hive/ql/exec/vector/mapjoin/VectorMapJoinGenerateResultOperator.java
HIVE-10403,ql/src/java/org/apache/hadoop/hive/ql/exec/vector/mapjoin/fast/VectorMapJoinFastBytesHashMap.java
HIVE-10403,ql/src/java/org/apache/hadoop/hive/ql/exec/vector/mapjoin/fast/VectorMapJoinFastBytesHashMultiSet.java
HIVE-10403,ql/src/java/org/apache/hadoop/hive/ql/exec/vector/mapjoin/fast/VectorMapJoinFastBytesHashSet.java
HIVE-10403,ql/src/java/org/apache/hadoop/hive/ql/exec/vector/mapjoin/fast/VectorMapJoinFastBytesHashTable.java
HIVE-10403,ql/src/java/org/apache/hadoop/hive/ql/exec/vector/mapjoin/fast/VectorMapJoinFastHashMap.java
HIVE-10403,ql/src/java/org/apache/hadoop/hive/ql/exec/vector/mapjoin/fast/VectorMapJoinFastHashMultiSet.java
HIVE-10403,ql/src/java/org/apache/hadoop/hive/ql/exec/vector/mapjoin/fast/VectorMapJoinFastHashSet.java
HIVE-10403,ql/src/java/org/apache/hadoop/hive/ql/exec/vector/mapjoin/fast/VectorMapJoinFastHashTable.java
HIVE-10403,ql/src/java/org/apache/hadoop/hive/ql/exec/vector/mapjoin/fast/VectorMapJoinFastHashTableLoader.java
HIVE-10403,ql/src/java/org/apache/hadoop/hive/ql/exec/vector/mapjoin/fast/VectorMapJoinFastLongHashMap.java
HIVE-10403,ql/src/java/org/apache/hadoop/hive/ql/exec/vector/mapjoin/fast/VectorMapJoinFastLongHashMultiSet.java
HIVE-10403,ql/src/java/org/apache/hadoop/hive/ql/exec/vector/mapjoin/fast/VectorMapJoinFastLongHashSet.java
HIVE-10403,ql/src/java/org/apache/hadoop/hive/ql/exec/vector/mapjoin/fast/VectorMapJoinFastLongHashTable.java
HIVE-10403,ql/src/java/org/apache/hadoop/hive/ql/exec/vector/mapjoin/fast/VectorMapJoinFastMultiKeyHashMap.java
HIVE-10403,ql/src/java/org/apache/hadoop/hive/ql/exec/vector/mapjoin/fast/VectorMapJoinFastMultiKeyHashMultiSet.java
HIVE-10403,ql/src/java/org/apache/hadoop/hive/ql/exec/vector/mapjoin/fast/VectorMapJoinFastMultiKeyHashSet.java
HIVE-10403,ql/src/java/org/apache/hadoop/hive/ql/exec/vector/mapjoin/fast/VectorMapJoinFastStringHashMap.java
HIVE-10403,ql/src/java/org/apache/hadoop/hive/ql/exec/vector/mapjoin/fast/VectorMapJoinFastStringHashMultiSet.java
HIVE-10403,ql/src/java/org/apache/hadoop/hive/ql/exec/vector/mapjoin/fast/VectorMapJoinFastStringHashSet.java
HIVE-10403,ql/src/java/org/apache/hadoop/hive/ql/exec/vector/mapjoin/fast/VectorMapJoinFastTableContainer.java
HIVE-10403,ql/src/java/org/apache/hadoop/hive/ql/plan/MapJoinDesc.java
HIVE-10403,ql/src/test/org/apache/hadoop/hive/ql/exec/vector/mapjoin/fast/TestVectorMapJoinFastLongHashMap.java
HIVE-10403,ql/src/test/org/apache/hadoop/hive/ql/exec/vector/mapjoin/fast/TestVectorMapJoinFastMultiKeyHashMap.java
HIVE-10273,ql/src/java/org/apache/hadoop/hive/ql/optimizer/physical/Vectorizer.java
HIVE-10273,ql/src/java/org/apache/hadoop/hive/ql/plan/MapWork.java
HIVE-10233,common/src/java/org/apache/hadoop/hive/conf/HiveConf.java
HIVE-10233,ql/src/java/org/apache/hadoop/hive/ql/exec/tez/HashTableLoader.java
HIVE-10233,ql/src/java/org/apache/hadoop/hive/ql/optimizer/physical/MemoryDecider.java
HIVE-10233,ql/src/java/org/apache/hadoop/hive/ql/parse/TezCompiler.java
HIVE-10233,ql/src/java/org/apache/hadoop/hive/ql/plan/AbstractOperatorDesc.java
HIVE-10233,ql/src/java/org/apache/hadoop/hive/ql/plan/OperatorDesc.java
HIVE-10225,cli/src/java/org/apache/hadoop/hive/cli/CliDriver.java
HIVE-10225,cli/src/test/org/apache/hadoop/hive/cli/TestCliDriverMethods.java
HIVE-10123,ql/src/java/org/apache/hadoop/hive/ql/exec/MapJoinOperator.java
HIVE-10123,ql/src/java/org/apache/hadoop/hive/ql/exec/persistence/BytesBytesMultiHashMap.java
HIVE-10123,ql/src/java/org/apache/hadoop/hive/ql/exec/persistence/HybridHashTableContainer.java
HIVE-10072,ql/src/java/org/apache/hadoop/hive/ql/exec/MapJoinOperator.java
HIVE-10072,ql/src/java/org/apache/hadoop/hive/ql/exec/persistence/ObjectContainer.java
HIVE-10072,ql/src/java/org/apache/hadoop/hive/ql/exec/vector/VectorMapJoinOperator.java
HIVE-10072,ql/src/java/org/apache/hadoop/hive/ql/exec/vector/VectorizedBatchUtil.java
HIVE-10072,ql/src/java/org/apache/hadoop/hive/ql/optimizer/physical/Vectorizer.java
HIVE-10018,itests/hive-unit/src/test/java/org/apache/hadoop/hive/metastore/hbase/IMockUtils.java
HIVE-10018,itests/hive-unit/src/test/java/org/apache/hadoop/hive/metastore/hbase/TestHBaseMetastoreSql.java
HIVE-10018,metastore/src/java/org/apache/hadoop/hive/metastore/hbase/HBaseStore.java
HIVE-10010,itests/hive-unit/src/test/java/org/apache/hadoop/hive/metastore/hbase/TestHBaseMetastoreSql.java
HIVE-10010,metastore/src/java/org/apache/hadoop/hive/metastore/hbase/SharedStorageDescriptor.java
HIVE-10010,metastore/src/test/org/apache/hadoop/hive/metastore/hbase/TestSharedStorageDescriptor.java
HIVE-10006,ql/src/java/org/apache/hadoop/hive/ql/exec/spark/SparkPlanGenerator.java
HIVE-10006,ql/src/java/org/apache/hadoop/hive/ql/io/CombineHiveInputFormat.java
HIVE-10006,ql/src/java/org/apache/hadoop/hive/ql/exec/spark/SparkPlanGenerator.java
HIVE-10006,ql/src/java/org/apache/hadoop/hive/ql/io/CombineHiveInputFormat.java
HIVE-9976,ql/src/java/org/apache/hadoop/hive/ql/exec/tez/HiveSplitGenerator.java
HIVE-9976,ql/src/java/org/apache/hadoop/hive/ql/exec/tez/CustomPartitionVertex.java
HIVE-9976,ql/src/java/org/apache/hadoop/hive/ql/exec/tez/DynamicPartitionPruner.java
HIVE-9976,ql/src/java/org/apache/hadoop/hive/ql/exec/tez/HiveSplitGenerator.java
HIVE-9976,ql/src/java/org/apache/hadoop/hive/ql/exec/tez/SplitGrouper.java
HIVE-9976,ql/src/test/org/apache/hadoop/hive/ql/exec/tez/TestDynamicPartitionPruner.java
HIVE-9886,ql/src/java/org/apache/hadoop/hive/ql/optimizer/ConvertJoinMapJoin.java
HIVE-9886,ql/src/java/org/apache/hadoop/hive/ql/optimizer/metainfo/annotation/OpTraitsRulesProcFactory.java
HIVE-9886,ql/src/java/org/apache/hadoop/hive/ql/optimizer/spark/SparkMapJoinOptimizer.java
HIVE-9886,ql/src/java/org/apache/hadoop/hive/ql/plan/OpTraits.java
HIVE-9886,ql/src/java/org/apache/hadoop/hive/ql/optimizer/ConvertJoinMapJoin.java
HIVE-9886,ql/src/java/org/apache/hadoop/hive/ql/optimizer/metainfo/annotation/OpTraitsRulesProcFactory.java
HIVE-9886,ql/src/java/org/apache/hadoop/hive/ql/optimizer/spark/SparkMapJoinOptimizer.java
HIVE-9886,ql/src/java/org/apache/hadoop/hive/ql/plan/OpTraits.java
HIVE-9886,ql/src/java/org/apache/hadoop/hive/ql/optimizer/ConvertJoinMapJoin.java
HIVE-9886,ql/src/java/org/apache/hadoop/hive/ql/optimizer/metainfo/annotation/OpTraitsRulesProcFactory.java
HIVE-9886,ql/src/java/org/apache/hadoop/hive/ql/optimizer/spark/SparkMapJoinOptimizer.java
HIVE-9886,ql/src/java/org/apache/hadoop/hive/ql/plan/OpTraits.java
HIVE-9839,itests/hive-unit/src/test/java/org/apache/hive/service/cli/session/TestHiveSessionImpl.java
HIVE-9839,service/src/java/org/apache/hive/service/cli/session/HiveSessionImpl.java
HIVE-9786,ql/src/java/org/apache/hadoop/hive/ql/parse/CalcitePlanner.java
HIVE-9622,itests/hive-minikdc/src/test/java/org/apache/hive/minikdc/TestHiveAuthFactory.java
HIVE-9622,service/src/java/org/apache/hive/service/auth/HiveAuthFactory.java
HIVE-9513,ql/src/java/org/apache/hadoop/hive/ql/parse/CalcitePlanner.java
HIVE-9513,ql/src/java/org/apache/hadoop/hive/ql/parse/SemanticAnalyzer.java
HIVE-9404,metastore/src/test/org/apache/hadoop/hive/metastore/txn/TestTxnHandlerNegative.java
HIVE-9404,metastore/src/java/org/apache/hadoop/hive/metastore/txn/TxnHandler.java
HIVE-9377,ql/src/java/org/apache/hadoop/hive/ql/udf/generic/GenericUDFInFile.java
HIVE-9361,ql/src/java/org/apache/hadoop/hive/ql/metadata/SessionHiveMetaStoreClient.java
HIVE-9342,spark-client/src/main/java/org/apache/hive/spark/client/SparkClientImpl.java
HIVE-9331,common/src/java/org/apache/hadoop/hive/conf/HiveConf.java
HIVE-9331,ql/src/java/org/apache/hadoop/hive/ql/exec/persistence/FlatRowContainer.java
HIVE-9331,ql/src/java/org/apache/hadoop/hive/ql/exec/persistence/HashMapWrapper.java
HIVE-9331,ql/src/java/org/apache/hadoop/hive/ql/exec/persistence/MapJoinKey.java
HIVE-9331,ql/src/java/org/apache/hadoop/hive/ql/exec/persistence/MapJoinKeyBytes.java
HIVE-9331,ql/src/java/org/apache/hadoop/hive/ql/exec/tez/HashTableLoader.java
HIVE-9310,cli/src/java/org/apache/hadoop/hive/cli/CliDriver.java
HIVE-9234,service/src/java/org/apache/hive/service/cli/session/HiveSession.java
HIVE-9234,service/src/java/org/apache/hive/service/cli/session/HiveSessionBase.java
HIVE-9234,service/src/java/org/apache/hive/service/cli/session/HiveSessionImpl.java
HIVE-9234,service/src/java/org/apache/hive/service/cli/session/HiveSessionImplwithUGI.java
HIVE-9234,service/src/java/org/apache/hive/service/cli/session/SessionManager.java
HIVE-9111,ql/src/java/org/apache/hadoop/hive/ql/io/orc/OrcStruct.java
HIVE-9073,ql/src/java/org/apache/hadoop/hive/ql/udf/ptf/WindowingTableFunction.java
HIVE-8943,ql/src/java/org/apache/hadoop/hive/ql/optimizer/spark/SparkMapJoinOptimizer.java
HIVE-8943,ql/src/java/org/apache/hadoop/hive/ql/parse/spark/OptimizeSparkProcContext.java
HIVE-8865,ql/src/java/org/apache/hadoop/hive/ql/optimizer/spark/SparkReduceSinkMapJoinProc.java
HIVE-8811,ql/src/java/org/apache/hadoop/hive/ql/parse/TezCompiler.java
HIVE-8798,metastore/src/java/org/apache/hadoop/hive/metastore/txn/TxnHandler.java
HIVE-8794,ql/src/java/org/apache/hadoop/hive/ql/exec/tez/TezJobMonitor.java
HIVE-8794,ql/src/java/org/apache/hadoop/hive/ql/exec/tez/TezSessionState.java
HIVE-8778,ql/src/java/org/apache/hadoop/hive/ql/io/orc/RecordReaderImpl.java
HIVE-8778,ql/src/test/org/apache/hadoop/hive/ql/io/orc/TestInputOutputFormat.java
HIVE-8711,metastore/src/java/org/apache/hadoop/hive/metastore/txn/CompactionTxnHandler.java
HIVE-8711,metastore/src/java/org/apache/hadoop/hive/metastore/txn/TxnHandler.java
HIVE-8711,metastore/src/test/org/apache/hadoop/hive/metastore/txn/TestTxnHandler.java
HIVE-8671,ql/src/java/org/apache/hadoop/hive/ql/optimizer/stats/annotation/StatsRulesProcFactory.java
HIVE-8671,ql/src/java/org/apache/hadoop/hive/ql/stats/StatsUtils.java
HIVE-8628,ql/src/java/org/apache/hadoop/hive/ql/exec/CommonMergeJoinOperator.java
HIVE-8549,ql/src/java/org/apache/hadoop/hive/ql/optimizer/stats/annotation/StatsRulesProcFactory.java
HIVE-8372,ql/src/java/org/apache/hadoop/hive/ql/exec/tez/MergeFileRecordProcessor.java
HIVE-8332,ql/src/java/org/apache/hadoop/hive/ql/io/orc/OrcInputFormat.java
HIVE-8332,ql/src/java/org/apache/hadoop/hive/ql/io/orc/OrcRawRecordMerger.java
HIVE-8332,ql/src/test/org/apache/hadoop/hive/ql/io/orc/TestInputOutputFormat.java
HIVE-8325,ql/src/java/org/apache/hadoop/hive/ql/exec/mr/MapredLocalTask.java
HIVE-8203,itests/hive-unit/src/test/java/org/apache/hadoop/hive/metastore/TestHiveMetaStoreTxns.java
HIVE-8203,metastore/src/java/org/apache/hadoop/hive/metastore/HiveMetaStoreClient.java
HIVE-8203,metastore/src/java/org/apache/hadoop/hive/metastore/IMetaStoreClient.java
HIVE-8203,metastore/src/java/org/apache/hadoop/hive/metastore/txn/TxnHandler.java
HIVE-8203,ql/src/java/org/apache/hadoop/hive/ql/Driver.java
HIVE-8203,ql/src/java/org/apache/hadoop/hive/ql/lockmgr/DbTxnManager.java
HIVE-8203,ql/src/java/org/apache/hadoop/hive/ql/txn/compactor/Initiator.java
HIVE-8203,ql/src/java/org/apache/hadoop/hive/ql/txn/compactor/Worker.java
HIVE-8156,ql/src/java/org/apache/hadoop/hive/ql/exec/tez/ReduceRecordProcessor.java
HIVE-8104,ql/src/java/org/apache/hadoop/hive/ql/parse/SemanticAnalyzer.java
HIVE-8090,ql/src/java/org/apache/hadoop/hive/ql/io/orc/CompressionCodec.java
HIVE-8090,ql/src/java/org/apache/hadoop/hive/ql/io/orc/WriterImpl.java
HIVE-8090,ql/src/java/org/apache/hadoop/hive/ql/io/orc/ZlibCodec.java
HIVE-8078,ql/src/java/org/apache/hadoop/hive/ql/io/orc/RunLengthIntegerWriterV2.java
HIVE-8078,ql/src/java/org/apache/hadoop/hive/ql/io/orc/SerializationUtils.java
HIVE-8078,ql/src/test/org/apache/hadoop/hive/ql/io/orc/TestInputOutputFormat.java
HIVE-8078,ql/src/test/org/apache/hadoop/hive/ql/io/orc/TestNewIntegerEncoding.java
HIVE-8078,ql/src/test/org/apache/hadoop/hive/ql/io/orc/TestOrcFile.java
HIVE-8078,ql/src/test/org/apache/hadoop/hive/ql/io/orc/TestSerializationUtils.java
HIVE-8008,common/src/java/org/apache/hadoop/hive/common/type/HiveDecimal.java
HIVE-8008,common/src/test/org/apache/hadoop/hive/common/type/TestHiveDecimal.java
HIVE-7992,ql/src/java/org/apache/hadoop/hive/ql/optimizer/stats/annotation/StatsRulesProcFactory.java
HIVE-7991,ql/src/java/org/apache/hadoop/hive/ql/optimizer/stats/annotation/StatsRulesProcFactory.java
HIVE-7987,common/src/java/org/apache/hadoop/hive/common/FileUtils.java
HIVE-7987,itests/hive-unit/src/test/java/org/apache/hadoop/hive/ql/security/TestStorageBasedMetastoreAuthorizationDrops.java
HIVE-7904,ql/src/java/org/apache/hadoop/hive/ql/optimizer/stats/annotation/StatsRulesProcFactory.java
HIVE-7738,serde/src/java/org/apache/hadoop/hive/serde2/objectinspector/primitive/WritableConstantByteObjectInspector.java
HIVE-7738,serde/src/java/org/apache/hadoop/hive/serde2/objectinspector/primitive/WritableConstantHiveDecimalObjectInspector.java
HIVE-7738,serde/src/java/org/apache/hadoop/hive/serde2/objectinspector/primitive/WritableConstantIntObjectInspector.java
HIVE-7738,serde/src/java/org/apache/hadoop/hive/serde2/objectinspector/primitive/WritableConstantLongObjectInspector.java
HIVE-7738,serde/src/java/org/apache/hadoop/hive/serde2/objectinspector/primitive/WritableConstantShortObjectInspector.java
HIVE-7574,ql/src/java/org/apache/hadoop/hive/ql/exec/CommonJoinOperator.java
HIVE-7353,common/src/java/org/apache/hadoop/hive/conf/HiveConf.java
HIVE-7353,metastore/src/java/org/apache/hadoop/hive/metastore/HiveMetaStore.java
HIVE-7353,metastore/src/java/org/apache/hadoop/hive/metastore/ObjectStore.java
HIVE-7353,service/src/java/org/apache/hive/service/cli/CLIService.java
HIVE-7353,service/src/java/org/apache/hive/service/cli/operation/SQLOperation.java
HIVE-7353,service/src/java/org/apache/hive/service/cli/session/HiveSessionImpl.java
HIVE-7353,service/src/java/org/apache/hive/service/cli/session/SessionManager.java
HIVE-7353,service/src/java/org/apache/hive/service/cli/thrift/ThriftBinaryCLIService.java
HIVE-7353,service/src/java/org/apache/hive/service/cli/thrift/ThriftCLIService.java
HIVE-7353,service/src/java/org/apache/hive/service/cli/thrift/ThriftHttpCLIService.java
HIVE-7353,service/src/java/org/apache/hive/service/server/ThreadFactoryWithGarbageCleanup.java
HIVE-7353,service/src/java/org/apache/hive/service/server/ThreadWithGarbageCleanup.java
HIVE-7313,common/src/java/org/apache/hadoop/hive/conf/HiveConf.java
HIVE-7313,ql/src/java/org/apache/hadoop/hive/ql/exec/FileSinkOperator.java
HIVE-7313,ql/src/java/org/apache/hadoop/hive/ql/parse/SemanticAnalyzer.java
HIVE-7313,ql/src/java/org/apache/hadoop/hive/ql/plan/FileSinkDesc.java
HIVE-7313,shims/0.20S/src/main/java/org/apache/hadoop/hive/shims/Hadoop20SShims.java
HIVE-7313,shims/0.23/src/main/java/org/apache/hadoop/hive/shims/Hadoop23Shims.java
HIVE-7313,shims/common/src/main/java/org/apache/hadoop/hive/shims/HadoopShims.java
HIVE-7202,ql/src/java/org/apache/hadoop/hive/ql/hooks/ReadEntity.java
HIVE-7202,ql/src/java/org/apache/hadoop/hive/ql/hooks/WriteEntity.java
HIVE-7202,ql/src/java/org/apache/hadoop/hive/ql/lockmgr/DbTxnManager.java
HIVE-7202,ql/src/java/org/apache/hadoop/hive/ql/parse/DDLSemanticAnalyzer.java
HIVE-7155,hcatalog/webhcat/svr/src/main/java/org/apache/hive/hcatalog/templeton/AppConfig.java
HIVE-7155,hcatalog/webhcat/svr/src/main/java/org/apache/hive/hcatalog/templeton/LauncherDelegator.java
HIVE-7155,hcatalog/webhcat/svr/src/main/java/org/apache/hive/hcatalog/templeton/tool/TempletonControllerJob.java
HIVE-7109,hbase-handler/src/java/org/apache/hadoop/hive/hbase/HBaseStorageHandler.java
HIVE-6984,ql/src/java/org/apache/hadoop/hive/ql/exec/TableScanOperator.java
HIVE-6841,ql/src/java/org/apache/hadoop/hive/ql/exec/vector/VectorizedRowBatchCtx.java
HIVE-6716,ql/src/java/org/apache/hadoop/hive/ql/io/orc/OrcStruct.java
HIVE-6710,metastore/src/java/org/apache/hadoop/hive/metastore/txn/CompactionTxnHandler.java
HIVE-6710,metastore/src/java/org/apache/hadoop/hive/metastore/txn/TxnHandler.java
HIVE-6690,ql/src/java/org/apache/hadoop/hive/ql/exec/tez/DagUtils.java
HIVE-6690,ql/src/java/org/apache/hadoop/hive/ql/exec/tez/TezSessionState.java
HIVE-6682,ql/src/java/org/apache/hadoop/hive/ql/exec/HashTableSinkOperator.java
HIVE-6682,ql/src/java/org/apache/hadoop/hive/ql/exec/TemporaryHashSinkOperator.java
HIVE-6682,ql/src/java/org/apache/hadoop/hive/ql/optimizer/physical/LocalMapJoinProcFactory.java
HIVE-6682,ql/src/java/org/apache/hadoop/hive/ql/plan/HashTableSinkDesc.java
HIVE-6682,ql/src/java/org/apache/hadoop/hive/ql/plan/MapJoinDesc.java
HIVE-6673,ql/src/java/org/apache/hadoop/hive/ql/exec/DDLTask.java
HIVE-6673,ql/src/java/org/apache/hadoop/hive/ql/security/authorization/AuthorizationUtils.java
HIVE-6673,ql/src/java/org/apache/hadoop/hive/ql/security/authorization/plugin/sqlstd/SQLStdHiveAccessController.java
HIVE-6607,ql/src/java/org/apache/hadoop/hive/ql/metadata/formatting/JsonMetaDataFormatter.java
HIVE-6518,ql/src/java/org/apache/hadoop/hive/ql/exec/vector/VectorGroupByOperator.java
HIVE-6268,hcatalog/core/src/main/java/org/apache/hive/hcatalog/common/HCatConstants.java
HIVE-6268,hcatalog/core/src/main/java/org/apache/hive/hcatalog/common/HCatUtil.java
HIVE-6268,hcatalog/core/src/main/java/org/apache/hive/hcatalog/common/HiveClientCache.java
HIVE-5950,ql/src/java/org/apache/hadoop/hive/ql/io/orc/OrcInputFormat.java
HIVE-5950,ql/src/java/org/apache/hadoop/hive/ql/io/orc/RecordReaderImpl.java
HIVE-5950,ql/src/java/org/apache/hadoop/hive/ql/io/sarg/PredicateLeaf.java
HIVE-5950,ql/src/java/org/apache/hadoop/hive/ql/io/sarg/SearchArgumentImpl.java
HIVE-5950,ql/src/test/org/apache/hadoop/hive/ql/io/orc/TestRecordReaderImpl.java
HIVE-5730,beeline/src/java/org/apache/hive/beeline/SQLCompletor.java
HIVE-5601,ql/src/java/org/apache/hadoop/hive/ql/io/orc/ReaderImpl.java
HIVE-5492,service/src/java/org/apache/hive/service/cli/operation/SQLOperation.java
HIVE-5418,ql/src/java/org/apache/hadoop/hive/ql/plan/ConditionalResolverCommonJoin.java
HIVE-5418,ql/src/test/org/apache/hadoop/hive/ql/plan/TestConditionalResolverCommonJoin.java
HIVE-5345,llap-server/src/java/org/apache/hadoop/hive/llap/io/api/impl/LlapIoImpl.java
HIVE-5345,ql/src/java/org/apache/hadoop/hive/ql/exec/Operator.java
HIVE-5323,ql/src/java/org/apache/hadoop/hive/ql/udf/generic/GenericUDAFMkCollectionEvaluator.java
HIVE-5307,ql/src/java/org/apache/hadoop/hive/ql/optimizer/calcite/HiveCalciteUtil.java
HIVE-5307,ql/src/java/org/apache/hadoop/hive/ql/parse/CalcitePlanner.java
HIVE-5307,ql/src/java/org/apache/hadoop/hive/ql/parse/ParseUtils.java
HIVE-5307,ql/src/java/org/apache/hadoop/hive/ql/parse/QB.java
HIVE-5296,ql/src/java/org/apache/hadoop/hive/ql/udf/UDFHex.java
HIVE-5296,service/src/java/org/apache/hive/service/cli/session/HiveSessionImpl.java
HIVE-5196,service/src/java/org/apache/hive/service/cli/thrift/ThriftCLIService.java
HIVE-4957,ql/src/java/org/apache/hadoop/hive/ql/parse/SemanticAnalyzer.java
HIVE-4957,ql/src/java/org/apache/hadoop/hive/ql/udf/generic/GenericUDAFComputeStats.java
HIVE-4883,shims/src/common-secure/test/org/apache/hadoop/hive/thrift/TestHadoop20SAuthBridge.java
HIVE-4761,iceberg/iceberg-catalog/src/main/java/org/apache/iceberg/hive/HiveTableOperations.java
HIVE-4761,iceberg/iceberg-handler/src/main/java/org/apache/iceberg/mr/InputFormatConfig.java
HIVE-4761,iceberg/iceberg-handler/src/main/java/org/apache/iceberg/mr/hive/HiveIcebergInputFormat.java
HIVE-4761,iceberg/iceberg-handler/src/main/java/org/apache/iceberg/mr/hive/HiveIcebergOutputCommitter.java
HIVE-4761,iceberg/iceberg-handler/src/main/java/org/apache/iceberg/mr/hive/HiveIcebergStorageHandler.java
HIVE-4761,iceberg/iceberg-handler/src/test/java/org/apache/iceberg/mr/hive/HiveIcebergStorageHandlerStub.java
HIVE-4761,iceberg/iceberg-handler/src/test/java/org/apache/iceberg/mr/hive/HiveIcebergStorageHandlerWithEngineBase.java
HIVE-4761,iceberg/iceberg-handler/src/test/java/org/apache/iceberg/mr/hive/TestConflictingDataFiles.java
HIVE-4761,iceberg/iceberg-handler/src/test/java/org/apache/iceberg/mr/hive/TestTables.java
HIVE-4761,iceberg/iceberg-handler/src/test/java/org/apache/iceberg/mr/hive/TestUtilPhaser.java
HIVE-4761,ql/src/java/org/apache/hadoop/hive/ql/lockmgr/zookeeper/ZooKeeperHiveLockManager.java
HIVE-4761,ql/src/test/org/apache/hadoop/hive/ql/lockmgr/TestEmbeddedLockManager.java
HIVE-4761,ql/src/test/org/apache/hadoop/hive/ql/lockmgr/zookeeper/TestZookeeperLockManager.java
HIVE-4688,ql/src/java/org/apache/hadoop/hive/ql/exec/vector/expressions/VectorExpressionWriterFactory.java
HIVE-4688,ql/src/test/org/apache/hadoop/hive/ql/exec/vector/expressions/TestVectorExpressionWriters.java
HIVE-4679,hcatalog/webhcat/svr/src/main/java/org/apache/hcatalog/templeton/AppConfig.java
HIVE-4679,hcatalog/webhcat/svr/src/main/java/org/apache/hcatalog/templeton/LauncherDelegator.java
HIVE-4631,itests/hive-unit/src/test/java/org/apache/hadoop/hive/ql/parse/TestReplicationScenariosAcidTables.java
HIVE-4631,ql/src/java/org/apache/hadoop/hive/ql/parse/repl/CopyUtils.java
HIVE-4558,ql/src/java/org/apache/hadoop/hive/ql/udf/generic/GenericUDFMaskHash.java
HIVE-4540,kafka-handler/src/test/org/apache/hadoop/hive/kafka/KafkaStorageHandlerInfoTest.java
HIVE-4540,ql/src/java/org/apache/hadoop/hive/ql/optimizer/physical/CommonJoinTaskDispatcher.java
HIVE-4502,ql/src/java/org/apache/hadoop/hive/ql/exec/Task.java
HIVE-4502,ql/src/java/org/apache/hadoop/hive/ql/lib/DefaultGraphWalker.java
HIVE-4502,ql/src/java/org/apache/hadoop/hive/ql/optimizer/GenMRFileSink1.java
HIVE-4502,ql/src/java/org/apache/hadoop/hive/ql/optimizer/GenMROperator.java
HIVE-4502,ql/src/java/org/apache/hadoop/hive/ql/optimizer/GenMRProcContext.java
HIVE-4502,ql/src/java/org/apache/hadoop/hive/ql/optimizer/GenMRRedSink1.java
HIVE-4502,ql/src/java/org/apache/hadoop/hive/ql/optimizer/GenMRRedSink2.java
HIVE-4502,ql/src/java/org/apache/hadoop/hive/ql/optimizer/GenMRRedSink3.java
HIVE-4502,ql/src/java/org/apache/hadoop/hive/ql/optimizer/GenMRTableScan1.java
HIVE-4502,ql/src/java/org/apache/hadoop/hive/ql/optimizer/GenMRUnion1.java
HIVE-4502,ql/src/java/org/apache/hadoop/hive/ql/optimizer/GenMapRedUtils.java
HIVE-4502,ql/src/java/org/apache/hadoop/hive/ql/optimizer/MapJoinFactory.java
HIVE-4502,ql/src/java/org/apache/hadoop/hive/ql/optimizer/MapJoinProcessor.java
HIVE-4502,ql/src/java/org/apache/hadoop/hive/ql/parse/GenMapRedWalker.java
HIVE-4502,ql/src/java/org/apache/hadoop/hive/ql/parse/MapReduceCompiler.java
HIVE-4502,ql/src/java/org/apache/hadoop/hive/ql/plan/MapredWork.java
HIVE-4501,ql/src/java/org/apache/hadoop/hive/ql/metadata/Hive.java
HIVE-4501,ql/src/test/org/apache/hadoop/hive/ql/exec/PartitionUtil.java
HIVE-4501,ql/src/test/org/apache/hadoop/hive/ql/exec/TestGetPartitionInBatches.java
HIVE-4501,ql/src/test/org/apache/hadoop/hive/ql/exec/TestMsckCreatePartitionsInBatches.java
HIVE-4501,ql/src/test/org/apache/hadoop/hive/ql/exec/TestMsckDropPartitionsInBatches.java
HIVE-4501,standalone-metastore/metastore-common/src/main/java/org/apache/hadoop/hive/metastore/conf/MetastoreConf.java
HIVE-4398,service/src/java/org/apache/hive/service/cli/session/HiveSessionImpl.java
HIVE-4375,ql/src/java/org/apache/hadoop/hive/ql/io/arrow/Serializer.java
HIVE-4375,ql/src/java/org/apache/hadoop/hive/ql/optimizer/GenMRFileSink1.java
HIVE-4342,ql/src/java/org/apache/hadoop/hive/ql/optimizer/GenMRUnion1.java
HIVE-4342,ql/src/java/org/apache/hadoop/hive/ql/optimizer/unionproc/UnionProcContext.java
HIVE-4342,ql/src/java/org/apache/hadoop/hive/ql/optimizer/unionproc/UnionProcFactory.java
HIVE-4154,ql/src/java/org/apache/hadoop/hive/ql/io/orc/RecordReaderImpl.java
HIVE-4119,iceberg/iceberg-handler/src/main/java/org/apache/iceberg/mr/hive/IcebergMetadataTables.java
HIVE-4119,ql/src/java/org/apache/hadoop/hive/ql/exec/ColumnStatsTask.java
HIVE-4119,ql/src/java/org/apache/hadoop/hive/ql/plan/ColumnStatsWork.java
HIVE-4119,ql/src/java/org/apache/hadoop/hive/ql/udf/generic/GenericUDAFComputeStats.java
HIVE-4079,metastore/src/java/org/apache/hadoop/hive/metastore/ObjectStore.java
HIVE-4079,metastore/src/test/org/apache/hadoop/hive/metastore/TestHiveMetaStore.java
HIVE-4033,ql/src/java/org/apache/hadoop/hive/ql/exec/MapOperator.java
HIVE-4029,ql/src/java/org/apache/hadoop/hive/ql/profiler/HiveProfilePublisher.java
HIVE-3996,ql/src/java/org/apache/hadoop/hive/ql/optimizer/physical/CommonJoinResolver.java
HIVE-3927,beeline/src/test/org/apache/hive/beeline/TestBeelineArgParsing.java
HIVE-3927,cli/src/java/org/apache/hadoop/hive/cli/RCFileCat.java
HIVE-3846,ql/src/java/org/apache/hadoop/hive/ql/parse/SemanticAnalyzerFactory.java
HIVE-3846,ql/src/java/org/apache/hadoop/hive/ql/plan/HiveOperation.java
HIVE-3659,ql/src/test/org/apache/hadoop/hive/ql/history/TestHiveHistory.java
HIVE-3579,iceberg/iceberg-handler/src/main/java/org/apache/iceberg/mr/hive/HiveIcebergStorageHandler.java
HIVE-3579,iceberg/iceberg-handler/src/test/java/org/apache/iceberg/mr/hive/TestHiveIcebergV2.java
HIVE-3579,ql/src/java/org/apache/hadoop/hive/ql/io/AcidUtils.java
HIVE-3579,ql/src/java/org/apache/hadoop/hive/ql/metadata/HiveStorageHandler.java
HIVE-3579,ql/src/java/org/apache/hadoop/hive/ql/optimizer/calcite/HiveRelOptMaterializationValidator.java
HIVE-3579,ql/src/java/org/apache/hadoop/hive/ql/parse/SemanticAnalyzer.java
HIVE-3481,service/src/java/org/apache/hadoop/hive/service/HiveServer.java
HIVE-3480,iceberg/iceberg-handler/src/main/java/org/apache/iceberg/mr/hive/vector/HiveVectorizedReader.java
HIVE-3480,iceberg/iceberg-handler/src/main/java/org/apache/iceberg/parquet/ParquetFooterInputFromCache.java
HIVE-3480,llap-client/src/java/org/apache/hadoop/hive/llap/io/api/LlapIo.java
HIVE-3480,llap-server/src/java/org/apache/hadoop/hive/llap/io/api/impl/LlapIoImpl.java
HIVE-3480,llap-server/src/java/org/apache/hadoop/hive/llap/io/encoded/LlapOrcCacheLoader.java
HIVE-3480,llap-server/src/java/org/apache/hadoop/hive/llap/io/encoded/OrcEncodedDataReader.java
HIVE-3480,llap-server/src/java/org/apache/hadoop/hive/llap/io/encoded/SerDeEncodedDataReader.java
HIVE-3480,ql/src/java/org/apache/hadoop/hive/llap/LlapHiveUtils.java
HIVE-3480,ql/src/java/org/apache/hadoop/hive/ql/io/SyntheticFileId.java
HIVE-3480,ql/src/java/org/apache/hadoop/hive/ql/io/parquet/vector/ParquetFooterInputFromCache.java
HIVE-3480,ql/src/java/org/apache/hadoop/hive/ql/io/parquet/vector/VectorizedParquetRecordReader.java
HIVE-3480,ql/src/java/org/apache/hadoop/hive/ql/io/SymbolicInputFormat.java
HIVE-3480,ql/src/java/org/apache/hadoop/hive/ql/io/SymlinkTextInputFormat.java
HIVE-3480,ql/src/test/org/apache/hadoop/hive/ql/io/TestSymlinkTextInputFormat.java
HIVE-3431,ql/src/java/org/apache/hadoop/hive/ql/session/SessionState.java
HIVE-3425,standalone-metastore/metastore-common/src/main/java/org/apache/hadoop/hive/metastore/utils/MetaStoreUtils.java
HIVE-3408,iceberg/iceberg-handler/src/main/java/org/apache/iceberg/mr/hive/IcebergTableUtil.java
HIVE-3408,iceberg/iceberg-handler/src/test/java/org/apache/iceberg/mr/hive/TestHiveIcebergSelects.java
HIVE-3408,ql/src/java/org/apache/hadoop/hive/ql/stats/StatsUtils.java
HIVE-3317,ql/src/java/org/apache/hadoop/hive/ql/optimizer/MapJoinProcessor.java
HIVE-3317,ql/src/java/org/apache/hadoop/hive/ql/optimizer/physical/Vectorizer.java
HIVE-3317,ql/src/java/org/apache/hadoop/hive/ql/udf/datasketches/kll/KllHistogramEstimator.java
HIVE-3317,ql/src/java/org/apache/hadoop/hive/ql/udf/datasketches/kll/KllHistogramEstimatorFactory.java
HIVE-3317,ql/src/java/org/apache/hadoop/hive/ql/udf/datasketches/kll/KllUtils.java
HIVE-3317,vector-code-gen/src/org/apache/hadoop/hive/tools/GenVectorCode.java
HIVE-3317,ql/src/java/org/apache/hadoop/hive/ql/util/DosToUnix.java
HIVE-3302,ql/src/java/org/apache/hadoop/hive/ql/exec/vector/mapjoin/fast/VectorMapJoinFastHashTableLoader.java
HIVE-3302,ql/src/java/org/apache/hadoop/hive/ql/optimizer/GenMRFileSink1.java
HIVE-3302,ql/src/java/org/apache/hadoop/hive/ql/plan/ConditionalResolverMergeFiles.java
HIVE-3265,ql/src/java/org/apache/hadoop/hive/ql/txn/compactor/MetaStoreCompactorThread.java
HIVE-3265,standalone-metastore/metastore-common/src/main/java/org/apache/hadoop/hive/metastore/conf/MetastoreConf.java
HIVE-3265,standalone-metastore/metastore-server/src/main/java/org/apache/hadoop/hive/metastore/ObjectStore.java
HIVE-3265,standalone-metastore/metastore-server/src/main/java/org/apache/hadoop/hive/metastore/PersistenceManagerProvider.java
HIVE-3265,ql/src/java/org/apache/hadoop/hive/ql/history/HiveHistory.java
HIVE-3232,ql/src/java/org/apache/hadoop/hive/ql/parse/EximUtil.java
HIVE-3225,iceberg/iceberg-handler/src/main/java/org/apache/iceberg/mr/hive/HiveIcebergDeleteWriter.java
HIVE-3225,iceberg/iceberg-handler/src/main/java/org/apache/iceberg/mr/hive/HiveIcebergOutputFormat.java
HIVE-3225,iceberg/iceberg-handler/src/main/java/org/apache/iceberg/mr/hive/HiveIcebergRecordWriter.java
HIVE-3225,iceberg/iceberg-handler/src/main/java/org/apache/iceberg/mr/hive/HiveIcebergStorageHandler.java
HIVE-3225,iceberg/iceberg-handler/src/main/java/org/apache/iceberg/mr/hive/HiveIcebergWriter.java
HIVE-3225,iceberg/iceberg-handler/src/main/java/org/apache/iceberg/mr/hive/IcebergAcidUtil.java
HIVE-3225,iceberg/iceberg-handler/src/test/java/org/apache/iceberg/mr/hive/TestHiveIcebergOutputCommitter.java
HIVE-3225,iceberg/iceberg-handler/src/test/java/org/apache/iceberg/mr/hive/TestHiveIcebergV2.java
HIVE-3225,ql/src/java/org/apache/hadoop/hive/ql/Driver.java
HIVE-3205,ql/src/java/org/apache/hadoop/hive/ql/optimizer/calcite/HiveCalciteUtil.java
HIVE-3205,ql/src/java/org/apache/hadoop/hive/ql/optimizer/calcite/rules/HiveAntiSemiJoinRule.java
HIVE-3205,ql/src/java/org/apache/hadoop/hive/ql/exec/FetchOperator.java
HIVE-3205,ql/src/java/org/apache/hadoop/hive/ql/exec/MapredLocalTask.java
HIVE-3205,ql/src/java/org/apache/hadoop/hive/ql/exec/SMBMapJoinOperator.java
HIVE-3205,ql/src/java/org/apache/hadoop/hive/ql/optimizer/BucketMapJoinOptimizer.java
HIVE-3205,ql/src/java/org/apache/hadoop/hive/ql/optimizer/GenMRTableScan1.java
HIVE-3205,ql/src/java/org/apache/hadoop/hive/ql/optimizer/GenMapRedUtils.java
HIVE-3205,ql/src/java/org/apache/hadoop/hive/ql/optimizer/MapJoinProcessor.java
HIVE-3205,ql/src/java/org/apache/hadoop/hive/ql/optimizer/ppr/PartitionPruner.java
HIVE-3205,ql/src/java/org/apache/hadoop/hive/ql/parse/PrunedPartitionList.java
HIVE-3205,ql/src/java/org/apache/hadoop/hive/ql/parse/SemanticAnalyzer.java
HIVE-3205,ql/src/java/org/apache/hadoop/hive/ql/plan/FetchWork.java
HIVE-3205,ql/src/java/org/apache/hadoop/hive/ql/plan/MapredLocalWork.java
HIVE-3203,iceberg/iceberg-handler/src/main/java/org/apache/iceberg/mr/hive/HiveIcebergInputFormat.java
HIVE-3203,iceberg/iceberg-handler/src/main/java/org/apache/iceberg/mr/hive/HiveIcebergSplit.java
HIVE-3203,iceberg/iceberg-handler/src/main/java/org/apache/iceberg/mr/mapreduce/IcebergInputFormat.java
HIVE-3203,iceberg/iceberg-handler/src/main/java/org/apache/iceberg/orc/VectorizedReadUtils.java
HIVE-3203,iceberg/iceberg-handler/src/test/java/org/apache/iceberg/mr/TestIcebergInputFormats.java
HIVE-3203,iceberg/iceberg-handler/src/test/java/org/apache/iceberg/mr/TestInputFormatReaderDeletes.java
HIVE-3191,ql/src/java/org/apache/hadoop/hive/ql/exec/NumericOpMethodResolver.java
HIVE-3098,metastore/src/java/org/apache/hadoop/hive/metastore/TUGIBasedProcessor.java
HIVE-3098,shims/src/0.20/java/org/apache/hadoop/hive/shims/Hadoop20Shims.java
HIVE-3098,shims/src/common-secure/java/org/apache/hadoop/hive/shims/HadoopShimsSecure.java
HIVE-3098,shims/src/common-secure/java/org/apache/hadoop/hive/thrift/HadoopThriftAuthBridge20S.java
HIVE-3098,shims/src/common/java/org/apache/hadoop/hive/shims/HadoopShims.java
HIVE-2800,common/src/java/org/apache/hive/common/util/DateUtils.java
HIVE-2738,standalone-metastore/metastore-common/src/main/java/org/apache/hadoop/hive/metastore/conf/MetastoreConf.java
HIVE-2738,standalone-metastore/metastore-common/src/main/java/org/apache/hadoop/hive/metastore/utils/MetaStoreUtils.java
HIVE-2738,standalone-metastore/metastore-server/src/main/java/org/apache/hadoop/hive/metastore/ExceptionHandler.java
HIVE-2738,standalone-metastore/metastore-server/src/main/java/org/apache/hadoop/hive/metastore/HMSHandler.java
HIVE-2738,standalone-metastore/metastore-server/src/main/java/org/apache/hadoop/hive/metastore/MetastoreDefaultTransformer.java
HIVE-2738,standalone-metastore/metastore-server/src/test/java/org/apache/hadoop/hive/metastore/TestMetastoreTransformer.java
HIVE-2738,standalone-metastore/metastore-server/src/test/java/org/apache/hadoop/hive/metastore/client/TestTablesCreateDropAlterTruncate.java
HIVE-2627,jdbc/src/java/org/apache/hive/jdbc/HiveStatement.java
HIVE-2609,hbase-handler/src/java/org/apache/hadoop/hive/hbase/HiveHFileOutputFormat.java
HIVE-2563,common/src/java/org/apache/hadoop/hive/conf/HiveConf.java
HIVE-2563,itests/hive-unit/src/test/java/org/apache/hadoop/hive/ql/txn/compactor/CompactorOnTezTest.java
HIVE-2563,itests/hive-unit/src/test/java/org/apache/hadoop/hive/ql/txn/compactor/TestCompactionMetricsOnTez.java
HIVE-2563,ql/src/java/org/apache/hadoop/hive/ql/exec/tez/HiveSplitGenerator.java
HIVE-2563,ql/src/java/org/apache/hadoop/hive/ql/exec/tez/TezTask.java
HIVE-2563,ql/src/java/org/apache/hadoop/hive/ql/io/orc/OrcInputFormat.java
HIVE-2563,ql/src/java/org/apache/hadoop/hive/ql/txn/compactor/metrics/DeltaFilesMetricReporter.java
HIVE-2563,ql/src/test/org/apache/hadoop/hive/ql/txn/compactor/TestCompactionMetrics.java
HIVE-2563,ql/src/test/org/apache/hadoop/hive/ql/txn/compactor/TestDeltaFilesMetrics.java
HIVE-2563,service/src/java/org/apache/hive/service/server/HiveServer2.java
HIVE-2402,common/src/java/org/apache/hadoop/hive/common/metrics/MetricsMBeanImpl.java
HIVE-2402,itests/hive-unit/src/test/java/org/apache/hadoop/hive/ql/txn/compactor/TestCompactionMetricsOnTez.java
HIVE-2402,ql/src/java/org/apache/hadoop/hive/ql/io/orc/OrcInputFormat.java
HIVE-2402,ql/src/java/org/apache/hadoop/hive/ql/txn/compactor/metrics/DeltaFilesMetricReporter.java
HIVE-2402,ql/src/test/org/apache/hadoop/hive/ql/txn/compactor/TestCompactionMetrics.java
HIVE-2402,ql/src/java/org/apache/hadoop/hive/ql/udf/UDFLike.java
HIVE-2402,iceberg/iceberg-catalog/src/main/java/org/apache/iceberg/hive/CachedClientPool.java
HIVE-2402,iceberg/iceberg-catalog/src/main/java/org/apache/iceberg/hive/ClientPool.java
HIVE-2402,iceberg/iceberg-catalog/src/main/java/org/apache/iceberg/hive/ClientPoolImpl.java
HIVE-2402,iceberg/iceberg-catalog/src/main/java/org/apache/iceberg/hive/HiveCatalog.java
HIVE-2402,iceberg/iceberg-catalog/src/main/java/org/apache/iceberg/hive/HiveCatalogs.java
HIVE-2402,iceberg/iceberg-catalog/src/main/java/org/apache/iceberg/hive/HiveClientPool.java
HIVE-2402,iceberg/iceberg-catalog/src/main/java/org/apache/iceberg/hive/HiveTableOperations.java
HIVE-2402,iceberg/iceberg-catalog/src/test/java/org/apache/iceberg/hive/HiveMetastoreTest.java
HIVE-2402,iceberg/iceberg-catalog/src/test/java/org/apache/iceberg/hive/HiveTableTest.java
HIVE-2402,iceberg/iceberg-catalog/src/test/java/org/apache/iceberg/hive/TestCachedClientPool.java
HIVE-2402,iceberg/iceberg-catalog/src/test/java/org/apache/iceberg/hive/TestClientPoolImpl.java
HIVE-2402,iceberg/iceberg-catalog/src/test/java/org/apache/iceberg/hive/TestHiveClientPool.java
HIVE-2402,iceberg/iceberg-catalog/src/test/java/org/apache/iceberg/hive/TestHiveCommitLocks.java
HIVE-2402,iceberg/iceberg-catalog/src/test/java/org/apache/iceberg/hive/TestHiveCommits.java
HIVE-2402,iceberg/iceberg-catalog/src/test/java/org/apache/iceberg/hive/TestHiveMetastore.java
HIVE-2402,iceberg/iceberg-handler/src/main/java/org/apache/iceberg/mr/CatalogLoader.java
HIVE-2402,iceberg/iceberg-handler/src/main/java/org/apache/iceberg/mr/Catalogs.java
HIVE-2402,iceberg/iceberg-handler/src/main/java/org/apache/iceberg/mr/InputFormatConfig.java
HIVE-2402,iceberg/iceberg-handler/src/main/java/org/apache/iceberg/mr/hive/HiveIcebergMetaHook.java
HIVE-2402,iceberg/iceberg-handler/src/main/java/org/apache/iceberg/mr/hive/HiveIcebergOutputCommitter.java
HIVE-2402,iceberg/iceberg-handler/src/main/java/org/apache/iceberg/mr/hive/HiveIcebergOutputFormat.java
HIVE-2402,iceberg/iceberg-handler/src/main/java/org/apache/iceberg/mr/hive/HiveIcebergRecordWriter.java
HIVE-2402,iceberg/iceberg-handler/src/main/java/org/apache/iceberg/mr/hive/HiveIcebergStorageHandler.java
HIVE-2402,iceberg/iceberg-handler/src/main/java/org/apache/iceberg/mr/mapreduce/IcebergInputFormat.java
HIVE-2402,iceberg/iceberg-handler/src/test/java/org/apache/iceberg/mr/TestCatalogs.java
HIVE-2402,iceberg/iceberg-handler/src/test/java/org/apache/iceberg/mr/TestIcebergInputFormats.java
HIVE-2402,iceberg/iceberg-handler/src/test/java/org/apache/iceberg/mr/TestInputFormatReaderDeletes.java
HIVE-2402,iceberg/iceberg-handler/src/test/java/org/apache/iceberg/mr/hive/HiveIcebergStorageHandlerTestUtils.java
HIVE-2402,iceberg/iceberg-handler/src/test/java/org/apache/iceberg/mr/hive/HiveIcebergTestUtils.java
HIVE-2402,iceberg/iceberg-handler/src/test/java/org/apache/iceberg/mr/hive/TestHiveIcebergOutputCommitter.java
HIVE-2402,iceberg/iceberg-handler/src/test/java/org/apache/iceberg/mr/hive/TestHiveIcebergSerDe.java
HIVE-2402,iceberg/iceberg-handler/src/test/java/org/apache/iceberg/mr/hive/TestHiveIcebergStorageHandlerLocalScan.java
HIVE-2402,iceberg/iceberg-handler/src/test/java/org/apache/iceberg/mr/hive/TestHiveIcebergStorageHandlerNoScan.java
HIVE-2402,iceberg/iceberg-handler/src/test/java/org/apache/iceberg/mr/hive/TestHiveIcebergStorageHandlerWithEngine.java
HIVE-2402,iceberg/iceberg-handler/src/test/java/org/apache/iceberg/mr/hive/TestHiveIcebergStorageHandlerWithMultipleCatalogs.java
HIVE-2402,iceberg/iceberg-handler/src/test/java/org/apache/iceberg/mr/hive/TestHiveShell.java
HIVE-2402,iceberg/iceberg-handler/src/test/java/org/apache/iceberg/mr/hive/TestTables.java
HIVE-2402,iceberg/patched-iceberg-api/src/main/java/org/apache/iceberg/exceptions/CommitStateUnknownException.java
HIVE-2402,iceberg/patched-iceberg-core/src/main/java/org/apache/iceberg/BaseMetadataTable.java
HIVE-2402,iceberg/patched-iceberg-core/src/main/java/org/apache/iceberg/BaseMetastoreCatalog.java
HIVE-2402,iceberg/patched-iceberg-core/src/main/java/org/apache/iceberg/BaseMetastoreTableOperations.java
HIVE-2402,iceberg/patched-iceberg-core/src/main/java/org/apache/iceberg/BaseTable.java
HIVE-2402,iceberg/patched-iceberg-core/src/main/java/org/apache/iceberg/CatalogProperties.java
HIVE-2402,iceberg/patched-iceberg-core/src/main/java/org/apache/iceberg/SnapshotProducer.java
HIVE-2402,iceberg/patched-iceberg-core/src/main/java/org/apache/iceberg/SnapshotSummary.java
HIVE-2402,iceberg/patched-iceberg-core/src/main/java/org/apache/iceberg/StaticTableOperations.java
HIVE-2402,iceberg/patched-iceberg-core/src/main/java/org/apache/iceberg/TableProperties.java
HIVE-2345,ql/src/java/org/apache/hadoop/hive/ql/exec/vector/VectorAssignRow.java
HIVE-2334,cli/src/java/org/apache/hadoop/hive/cli/CliDriver.java
HIVE-2334,cli/src/test/org/apache/hadoop/hive/cli/TestCliDriverMethods.java
HIVE-2182,ql/src/java/org/apache/hadoop/hive/ql/txn/compactor/Cleaner.java
HIVE-2182,ql/src/java/org/apache/hadoop/hive/ql/txn/compactor/Initiator.java
HIVE-2182,ql/src/test/org/apache/hadoop/hive/ql/txn/compactor/TestCompactionMetrics.java
HIVE-2182,standalone-metastore/metastore-server/src/main/java/org/apache/hadoop/hive/metastore/metrics/Metrics.java
HIVE-2182,standalone-metastore/metastore-server/src/main/java/org/apache/hadoop/hive/metastore/metrics/MetricsConstants.java
HIVE-2182,standalone-metastore/metastore-server/src/test/java/org/apache/hadoop/hive/metastore/txn/ThrowingTxnHandler.java
HIVE-2182,ql/src/java/org/apache/hadoop/hive/ql/udf/generic/GenericUDFBridge.java
HIVE-2060,cli/src/java/org/apache/hadoop/hive/cli/CliDriver.java
HIVE-2060,cli/src/java/org/apache/hadoop/hive/cli/CliSessionState.java
HIVE-2045,itests/hive-unit/src/test/java/org/apache/hadoop/hive/ql/parse/TestReplicationScenariosAcrossInstances.java
HIVE-2045,ql/src/java/org/apache/hadoop/hive/ql/parse/repl/dump/events/CreateFunctionHandler.java
HIVE-2045,serde/src/java/org/apache/hadoop/hive/serde2/thrift/TCTLSeparatedProtocol.java
HIVE-2045,serde/src/test/org/apache/hadoop/hive/serde2/TestTCTLSeparatedProtocol.java
HIVE-2031,ql/src/java/org/apache/hadoop/hive/ql/exec/repl/ReplDumpTask.java
HIVE-2031,ql/src/java/org/apache/hadoop/hive/ql/exec/repl/ReplLoadTask.java
HIVE-2031,ql/src/java/org/apache/hadoop/hive/ql/exec/repl/util/ReplUtils.java
HIVE-2031,ql/src/java/org/apache/hadoop/hive/ql/parse/BaseSemanticAnalyzer.java
HIVE-1959,ql/src/java/org/apache/hadoop/hive/ql/history/HiveHistory.java
HIVE-1908,ql/src/test/org/apache/hadoop/hive/ql/cleanup/TestCleanupService.java
HIVE-1908,ql/src/java/org/apache/hadoop/hive/ql/Driver.java
HIVE-1908,ql/src/java/org/apache/hadoop/hive/ql/exec/FetchTask.java
HIVE-1884,cli/src/java/org/apache/hadoop/hive/cli/CliDriver.java
HIVE-1884,contrib/src/java/org/apache/hadoop/hive/contrib/util/typedbytes/TypedBytesWritableInput.java
HIVE-1884,ql/src/java/org/apache/hadoop/hive/ql/exec/DDLTask.java
HIVE-1884,ql/src/java/org/apache/hadoop/hive/ql/io/RCFileInputFormat.java
HIVE-1618,itests/hive-unit/src/test/java/org/apache/hadoop/hive/ql/txn/compactor/TestCompactor.java
HIVE-1618,ql/src/java/org/apache/hadoop/hive/ql/io/AcidUtils.java
HIVE-1618,ql/src/java/org/apache/hadoop/hive/ql/io/orc/OrcInputFormat.java
HIVE-1618,ql/src/java/org/apache/hadoop/hive/ql/txn/compactor/Cleaner.java
HIVE-1618,standalone-metastore/metastore-server/src/main/java/org/apache/hadoop/hive/metastore/txn/CompactionInfo.java
HIVE-1618,standalone-metastore/metastore-server/src/main/java/org/apache/hadoop/hive/metastore/txn/CompactionTxnHandler.java
HIVE-1618,standalone-metastore/metastore-server/src/main/java/org/apache/hadoop/hive/metastore/txn/TxnHandler.java
HIVE-1553,common/src/java/org/apache/hadoop/hive/conf/HiveConf.java
HIVE-1553,ql/src/java/org/apache/hadoop/hive/ql/optimizer/SharedWorkOptimizer.java
HIVE-1553,ql/src/java/org/apache/hadoop/hive/ql/parse/SemiJoinBranchInfo.java
HIVE-1553,ql/src/java/org/apache/hadoop/hive/ql/plan/ExprNodeDescUtils.java
HIVE-1547,llap-server/src/java/org/apache/hadoop/hive/llap/io/api/impl/LlapInputFormat.java
HIVE-1547,ql/src/java/org/apache/hadoop/hive/ql/io/HiveInputFormat.java
HIVE-1547,ql/src/test/org/apache/hadoop/hive/ql/io/orc/TestRandomAccessHiveInputFormat.java
HIVE-1547,ql/src/java/org/apache/hadoop/hive/ql/exec/DDLTask.java
HIVE-1320,ql/src/java/org/apache/hadoop/hive/ql/optimizer/lineage/OpProcFactory.java
HIVE-1308,ql/src/java/org/apache/hadoop/hive/ql/exec/ComparisonOpMethodResolver.java
HIVE-1097,ql/src/java/org/apache/hadoop/hive/ql/io/AcidUtils.java
HIVE-1097,ql/src/java/org/apache/hadoop/hive/ql/io/HiveInputFormat.java
HIVE-1097,ql/src/java/org/apache/hadoop/hive/ql/io/orc/OrcInputFormat.java
HIVE-1097,ql/src/java/org/apache/hadoop/hive/ql/io/orc/OrcRawRecordMerger.java
HIVE-1097,ql/src/java/org/apache/hadoop/hive/ql/io/orc/VectorizedOrcAcidRowBatchReader.java
HIVE-1097,ql/src/java/org/apache/hadoop/hive/ql/txn/compactor/Cleaner.java
HIVE-1097,ql/src/java/org/apache/hadoop/hive/ql/txn/compactor/CompactorMR.java
HIVE-1097,ql/src/java/org/apache/hadoop/hive/ql/txn/compactor/Initiator.java
HIVE-1097,ql/src/java/org/apache/hadoop/hive/ql/txn/compactor/MinorQueryCompactor.java
HIVE-1097,ql/src/java/org/apache/hadoop/hive/ql/txn/compactor/MmMajorQueryCompactor.java
HIVE-1097,ql/src/java/org/apache/hadoop/hive/ql/txn/compactor/MmMinorQueryCompactor.java
HIVE-1097,ql/src/java/org/apache/hadoop/hive/ql/txn/compactor/Worker.java
HIVE-1097,ql/src/test/org/apache/hadoop/hive/ql/TestTxnCommands2.java
HIVE-1097,ql/src/test/org/apache/hadoop/hive/ql/io/TestAcidUtils.java
HIVE-1097,ql/src/test/org/apache/hadoop/hive/ql/io/orc/TestInputOutputFormat.java
HIVE-1097,ql/src/test/org/apache/hadoop/hive/ql/io/orc/TestOrcRawRecordMerger.java
HIVE-1097,streaming/src/test/org/apache/hive/streaming/TestStreaming.java
HIVE-1097,ql/src/java/org/apache/hadoop/hive/ql/exec/ScriptOperator.java
HIVE-1064,ql/src/java/org/apache/hadoop/hive/ql/txn/compactor/CompactorThread.java
HIVE-1064,ql/src/java/org/apache/hadoop/hive/ql/txn/compactor/Initiator.java
HIVE-1064,ql/src/test/org/apache/hadoop/hive/ql/txn/compactor/TestInitiator.java
HIVE-1064,standalone-metastore/metastore-server/src/main/java/org/apache/hadoop/hive/metastore/metrics/MetricsConstants.java
HIVE-1064,standalone-metastore/metastore-server/src/main/java/org/apache/hadoop/hive/metastore/txn/TxnStore.java
HIVE-1064,ql/src/java/org/apache/hadoop/hive/ql/exec/DDLTask.java
HIVE-1064,ql/src/java/org/apache/hadoop/hive/ql/exec/ExecDriver.java
HIVE-1064,ql/src/java/org/apache/hadoop/hive/ql/exec/FetchTask.java
HIVE-1064,ql/src/java/org/apache/hadoop/hive/ql/exec/FunctionTask.java
HIVE-1064,ql/src/java/org/apache/hadoop/hive/ql/exec/Task.java
HIVE-878,ql/src/java/org/apache/hadoop/hive/ql/exec/GroupByOperator.java
HIVE-876,ql/src/java/org/apache/hadoop/hive/ql/udf/UDFOPNegative.java
HIVE-575,ql/src/java/org/apache/hadoop/hive/ql/exec/MapJoinObjectKey.java
HIVE-575,ql/src/java/org/apache/hadoop/hive/ql/exec/MapJoinOperator.java
HIVE-575,ql/src/java/org/apache/hadoop/hive/ql/util/jdbm/recman/PhysicalRowIdManager.java
HIVE-435,ql/src/java/org/apache/hadoop/hive/ql/exec/ExecDriver.java
HIVE-320,ql/src/java/org/apache/hadoop/hive/ql/exec/GroupByOperator.java
