File,Is_Public_Class
examples/storm-elasticsearch-examples/src/main/java/org/apache/storm/elasticsearch/common/EsTestUtil.java,No
examples/storm-hbase-examples/src/main/java/org/apache/storm/hbase/topology/TotalWordCounter.java,Yes
examples/storm-hbase-examples/src/main/java/org/apache/storm/hbase/topology/WordCounter.java,Yes
examples/storm-hbase-examples/src/main/java/org/apache/storm/hbase/topology/WordSpout.java,Yes
examples/storm-hdfs-examples/src/main/java/org/apache/storm/hdfs/bolt/HdfsFileTopology.java,Yes
examples/storm-hdfs-examples/src/main/java/org/apache/storm/hdfs/bolt/SequenceFileTopology.java,Yes
examples/storm-hive-examples/src/main/java/org/apache/storm/hive/bolt/BucketTestHiveTopology.java,Yes
examples/storm-hive-examples/src/main/java/org/apache/storm/hive/bolt/HiveTopology.java,Yes
examples/storm-hive-examples/src/main/java/org/apache/storm/hive/bolt/HiveTopologyPartitioned.java,Yes
examples/storm-jdbc-examples/src/main/java/org/apache/storm/jdbc/spout/UserSpout.java,Yes
examples/storm-jms-examples/src/main/java/org/apache/storm/jms/example/GenericBolt.java,Yes
examples/storm-jms-examples/src/main/java/org/apache/storm/jms/example/JsonTupleProducer.java,Yes
examples/storm-jms-examples/src/main/java/org/apache/storm/jms/example/SpringJmsProvider.java,Yes
examples/storm-kafka-client-examples/src/test/java/org/apache/storm/kafka/spout/KafkaSpoutTopologyMainWildcardTopicsLocal.java,Yes
examples/storm-loadgen/src/main/java/org/apache/storm/loadgen/HttpForwardingMetricsServer.java,No
examples/storm-mongodb-examples/src/main/java/org/apache/storm/mongodb/topology/TotalWordCounter.java,Yes
examples/storm-mongodb-examples/src/main/java/org/apache/storm/mongodb/topology/WordCounter.java,Yes
examples/storm-mongodb-examples/src/main/java/org/apache/storm/mongodb/topology/WordSpout.java,Yes
examples/storm-perf/src/main/java/org/apache/storm/perf/BackPressureTopo.java,Yes
examples/storm-perf/src/main/java/org/apache/storm/perf/ConstSpoutIdBoltNullBoltTopo.java,Yes
examples/storm-perf/src/main/java/org/apache/storm/perf/ConstSpoutNullBoltTopo.java,Yes
examples/storm-perf/src/main/java/org/apache/storm/perf/ConstSpoutOnlyTopo.java,Yes
examples/storm-perf/src/main/java/org/apache/storm/perf/FileReadWordCountTopo.java,Yes
examples/storm-perf/src/main/java/org/apache/storm/perf/HdfsSpoutNullBoltTopo.java,Yes
examples/storm-perf/src/main/java/org/apache/storm/perf/LowThroughputTopo.java,Yes
examples/storm-perf/src/main/java/org/apache/storm/perf/SimplifiedWordCountTopo.java,Yes
examples/storm-perf/src/main/java/org/apache/storm/perf/StrGenSpoutHdfsBoltTopo.java,Yes
examples/storm-perf/src/main/java/org/apache/storm/perf/ThroughputMeter.java,Yes
examples/storm-perf/src/main/java/org/apache/storm/perf/bolt/CountBolt.java,Yes
examples/storm-perf/src/main/java/org/apache/storm/perf/bolt/DevNullBolt.java,Yes
examples/storm-perf/src/main/java/org/apache/storm/perf/bolt/IdBolt.java,Yes
examples/storm-perf/src/main/java/org/apache/storm/perf/bolt/SplitSentenceBolt.java,Yes
examples/storm-perf/src/main/java/org/apache/storm/perf/spout/ConstSpout.java,Yes
examples/storm-perf/src/main/java/org/apache/storm/perf/spout/FileReadSpout.java,Yes
examples/storm-perf/src/main/java/org/apache/storm/perf/spout/StringGenSpout.java,Yes
examples/storm-perf/src/main/java/org/apache/storm/perf/spout/WordGenSpout.java,Yes
examples/storm-perf/src/main/java/org/apache/storm/perf/utils/BasicMetricsCollector.java,Yes
examples/storm-perf/src/main/java/org/apache/storm/perf/utils/Helper.java,Yes
examples/storm-perf/src/main/java/org/apache/storm/perf/utils/IdentityBolt.java,Yes
examples/storm-perf/src/main/java/org/apache/storm/perf/utils/MetricsSample.java,Yes
examples/storm-redis-examples/src/main/java/org/apache/storm/redis/topology/WordCounter.java,Yes
examples/storm-redis-examples/src/main/java/org/apache/storm/redis/topology/WordSpout.java,Yes
examples/storm-solr-examples/src/main/java/org/apache/storm/solr/topology/SolrFieldsTopology.java,Yes
examples/storm-solr-examples/src/main/java/org/apache/storm/solr/topology/SolrJsonTopology.java,Yes
examples/storm-solr-examples/src/main/java/org/apache/storm/solr/trident/SolrFieldsTridentTopology.java,Yes
examples/storm-solr-examples/src/main/java/org/apache/storm/solr/trident/SolrJsonTridentTopology.java,Yes
examples/storm-starter/src/jvm/org/apache/storm/starter/ResourceAwareExampleTopology.java,Yes
examples/storm-starter/src/jvm/org/apache/storm/starter/RollingTopWords.java,Yes
examples/storm-starter/src/jvm/org/apache/storm/starter/SkewedRollingTopWords.java,Yes
examples/storm-starter/src/jvm/org/apache/storm/starter/WordCountTopology.java,Yes
examples/storm-starter/src/jvm/org/apache/storm/starter/spout/RandomSentenceSpout.java,Yes
examples/storm-starter/src/jvm/org/apache/storm/starter/tools/RankableObjectWithFields.java,Yes
examples/storm-starter/src/jvm/org/apache/storm/starter/tools/Rankings.java,Yes
examples/storm-starter/src/jvm/org/apache/storm/starter/trident/DebugMemoryMapState.java,Yes
examples/storm-starter/test/jvm/org/apache/storm/starter/tools/RankingsTest.java,Yes
external/storm-autocreds/src/main/java/org/apache/storm/common/AbstractHadoopNimbusPluginAutoCreds.java,No
external/storm-blobstore-migration/src/main/java/org/apache/storm/blobstore/ListHDFS.java,Yes
external/storm-blobstore-migration/src/main/java/org/apache/storm/blobstore/ListLocalFs.java,Yes
external/storm-blobstore-migration/src/main/java/org/apache/storm/blobstore/MigrateBlobs.java,Yes
external/storm-cassandra/src/main/java/org/apache/storm/cassandra/executor/impl/BatchAsyncResultHandler.java,Yes
external/storm-cassandra/src/main/java/org/apache/storm/cassandra/executor/impl/SingleAsyncResultHandler.java,Yes
external/storm-cassandra/src/main/java/org/apache/storm/cassandra/query/builder/ObjectMapperCqlStatementMapperBuilder.java,Yes
external/storm-elasticsearch/src/test/java/org/apache/storm/elasticsearch/common/EsTestUtil.java,Yes
external/storm-eventhubs/src/test/java/org/apache/storm/eventhubs/spout/SpoutOutputCollectorMock.java,Yes
external/storm-eventhubs/src/test/java/org/apache/storm/eventhubs/trident/TridentCollectorMock.java,Yes
external/storm-hbase/src/main/java/org/apache/storm/hbase/bolt/AbstractHBaseBolt.java,No
external/storm-hbase/src/main/java/org/apache/storm/hbase/bolt/HBaseBolt.java,Yes
external/storm-hbase/src/main/java/org/apache/storm/hbase/trident/mapper/TridentHBaseMapper.java,No
external/storm-hbase/src/main/java/org/apache/storm/hbase/trident/state/HBaseMapState.java,Yes
external/storm-hbase/src/main/java/org/apache/storm/hbase/trident/windowing/HBaseWindowsStoreFactory.java,Yes
external/storm-hdfs-blobstore/src/main/java/org/apache/storm/hdfs/blobstore/HdfsBlobStore.java,Yes
external/storm-hdfs-blobstore/src/main/java/org/apache/storm/hdfs/blobstore/HdfsClientBlobStore.java,Yes
external/storm-hdfs-blobstore/src/test/java/org/apache/storm/hdfs/blobstore/BlobStoreTest.java,Yes
external/storm-hdfs-blobstore/src/test/java/org/apache/storm/hdfs/blobstore/HdfsBlobStoreImplTest.java,Yes
external/storm-hdfs/src/main/java/org/apache/storm/hdfs/avro/AbstractAvroSerializer.java,No
external/storm-hdfs/src/main/java/org/apache/storm/hdfs/avro/ConfluentAvroSerializer.java,Yes
external/storm-hdfs/src/main/java/org/apache/storm/hdfs/avro/FixedAvroSerializer.java,Yes
external/storm-hdfs/src/main/java/org/apache/storm/hdfs/bolt/AbstractHdfsBolt.java,No
external/storm-hdfs/src/main/java/org/apache/storm/hdfs/bolt/SequenceFileBolt.java,Yes
external/storm-hdfs/src/main/java/org/apache/storm/hdfs/bolt/format/DefaultFileNameFormat.java,Yes
external/storm-hdfs/src/main/java/org/apache/storm/hdfs/bolt/format/DefaultSequenceFormat.java,Yes
external/storm-hdfs/src/main/java/org/apache/storm/hdfs/bolt/format/DelimitedRecordFormat.java,Yes
external/storm-hdfs/src/main/java/org/apache/storm/hdfs/bolt/format/FileNameFormat.java,No
external/storm-hdfs/src/main/java/org/apache/storm/hdfs/bolt/format/RecordFormat.java,No
external/storm-hdfs/src/main/java/org/apache/storm/hdfs/bolt/format/SequenceFormat.java,No
external/storm-hdfs/src/main/java/org/apache/storm/hdfs/bolt/format/SimpleFileNameFormat.java,Yes
external/storm-hdfs/src/main/java/org/apache/storm/hdfs/bolt/rotation/FileRotationPolicy.java,No
external/storm-hdfs/src/main/java/org/apache/storm/hdfs/bolt/rotation/FileSizeRotationPolicy.java,Yes
external/storm-hdfs/src/main/java/org/apache/storm/hdfs/bolt/rotation/TimedRotationPolicy.java,Yes
external/storm-hdfs/src/main/java/org/apache/storm/hdfs/bolt/sync/CountSyncPolicy.java,Yes
external/storm-hdfs/src/main/java/org/apache/storm/hdfs/common/AbstractHDFSWriter.java,No
external/storm-hdfs/src/main/java/org/apache/storm/hdfs/common/AvroGenericRecordHDFSWriter.java,Yes
external/storm-hdfs/src/main/java/org/apache/storm/hdfs/common/HDFSWriter.java,Yes
external/storm-hdfs/src/main/java/org/apache/storm/hdfs/common/Partitioner.java,No
external/storm-hdfs/src/main/java/org/apache/storm/hdfs/common/rotation/MoveFileAction.java,Yes
external/storm-hdfs/src/main/java/org/apache/storm/hdfs/common/rotation/RotationAction.java,No
external/storm-hdfs/src/main/java/org/apache/storm/hdfs/spout/Configs.java,Yes
external/storm-hdfs/src/main/java/org/apache/storm/hdfs/spout/DirLock.java,Yes
external/storm-hdfs/src/main/java/org/apache/storm/hdfs/spout/FileLock.java,Yes
external/storm-hdfs/src/main/java/org/apache/storm/hdfs/spout/FileOffset.java,No
external/storm-hdfs/src/main/java/org/apache/storm/hdfs/spout/FileReader.java,No
external/storm-hdfs/src/main/java/org/apache/storm/hdfs/spout/HdfsSpout.java,Yes
external/storm-hdfs/src/main/java/org/apache/storm/hdfs/spout/SequenceFileReader.java,Yes
external/storm-hdfs/src/main/java/org/apache/storm/hdfs/spout/TextFileReader.java,Yes
external/storm-hdfs/src/main/java/org/apache/storm/hdfs/trident/HdfsState.java,Yes
external/storm-hdfs/src/main/java/org/apache/storm/hdfs/trident/HdfsStateFactory.java,Yes
external/storm-hdfs/src/main/java/org/apache/storm/hdfs/trident/HdfsUpdater.java,Yes
external/storm-hdfs/src/main/java/org/apache/storm/hdfs/trident/format/DefaultFileNameFormat.java,Yes
external/storm-hdfs/src/main/java/org/apache/storm/hdfs/trident/format/DefaultSequenceFormat.java,Yes
external/storm-hdfs/src/main/java/org/apache/storm/hdfs/trident/format/DelimitedRecordFormat.java,Yes
external/storm-hdfs/src/main/java/org/apache/storm/hdfs/trident/format/FileNameFormat.java,No
external/storm-hdfs/src/main/java/org/apache/storm/hdfs/trident/format/RecordFormat.java,No
external/storm-hdfs/src/main/java/org/apache/storm/hdfs/trident/format/SequenceFormat.java,No
external/storm-hdfs/src/main/java/org/apache/storm/hdfs/trident/format/SimpleFileNameFormat.java,Yes
external/storm-hdfs/src/main/java/org/apache/storm/hdfs/trident/rotation/FileRotationPolicy.java,No
external/storm-hdfs/src/main/java/org/apache/storm/hdfs/trident/rotation/FileSizeRotationPolicy.java,Yes
external/storm-hdfs/src/main/java/org/apache/storm/hdfs/trident/rotation/TimedRotationPolicy.java,Yes
external/storm-hdfs/src/main/java/org/apache/storm/hdfs/trident/sync/CountSyncPolicy.java,Yes
external/storm-hdfs/src/test/java/org/apache/storm/hdfs/avro/TestFixedAvroSerializer.java,Yes
external/storm-hdfs/src/test/java/org/apache/storm/hdfs/avro/TestGenericAvroSerializer.java,Yes
external/storm-hdfs/src/test/java/org/apache/storm/hdfs/bolt/AvroGenericRecordBoltTest.java,Yes
external/storm-hdfs/src/test/java/org/apache/storm/hdfs/bolt/TestHdfsBolt.java,Yes
external/storm-hdfs/src/test/java/org/apache/storm/hdfs/bolt/TestSequenceFileBolt.java,Yes
external/storm-hdfs/src/test/java/org/apache/storm/hdfs/bolt/format/TestSimpleFileNameFormat.java,Yes
external/storm-hdfs/src/test/java/org/apache/storm/hdfs/spout/TestDirLock.java,Yes
external/storm-hdfs/src/test/java/org/apache/storm/hdfs/spout/TestFileLock.java,Yes
external/storm-hdfs/src/test/java/org/apache/storm/hdfs/spout/TestHdfsSemantics.java,Yes
external/storm-hdfs/src/test/java/org/apache/storm/hdfs/spout/TestHdfsSpout.java,Yes
external/storm-hdfs/src/test/java/org/apache/storm/hdfs/spout/TestProgressTracker.java,Yes
external/storm-hdfs/src/test/java/org/apache/storm/hdfs/testing/MiniDFSClusterExtension.java,Yes
external/storm-hdfs/src/test/java/org/apache/storm/hdfs/testing/MiniDFSClusterRule.java,Yes
external/storm-hive/src/test/java/org/apache/storm/hive/bolt/TestHiveBolt.java,Yes
external/storm-hive/src/test/java/org/apache/storm/hive/common/TestHiveWriter.java,Yes
external/storm-jms/src/main/java/org/apache/storm/jms/spout/JmsSpout.java,Yes
external/storm-jms/src/test/java/org/apache/storm/jms/spout/MockJmsProvider.java,Yes
external/storm-jms/src/test/java/org/apache/storm/jms/spout/MockSpoutOutputCollector.java,Yes
external/storm-kafka-client/src/main/java/org/apache/storm/kafka/spout/KafkaSpout.java,Yes
external/storm-kafka-client/src/main/java/org/apache/storm/kafka/spout/KafkaSpoutConfig.java,Yes
external/storm-kafka-client/src/main/java/org/apache/storm/kafka/spout/RecordTranslator.java,No
external/storm-kafka-client/src/main/java/org/apache/storm/kafka/spout/metrics/KafkaOffsetMetric.java,Yes
external/storm-kafka-client/src/main/java/org/apache/storm/kafka/spout/trident/KafkaTridentSpoutEmitter.java,Yes
external/storm-kafka-client/src/test/java/org/apache/storm/kafka/NullRecordTranslator.java,Yes
external/storm-kafka-client/src/test/java/org/apache/storm/kafka/spout/KafkaSpoutMessagingGuaranteeTest.java,Yes
external/storm-kafka-client/src/test/java/org/apache/storm/kafka/spout/KafkaSpoutNullTupleTest.java,Yes
external/storm-kafka-client/src/test/java/org/apache/storm/kafka/spout/KafkaSpoutSingleTopicTest.java,Yes
external/storm-mongodb/src/main/java/org/apache/storm/mongodb/common/mapper/SimpleMongoUpdateMapper.java,Yes
external/storm-mongodb/src/main/java/org/apache/storm/mongodb/trident/state/MongoMapState.java,Yes
external/storm-mqtt/src/main/java/org/apache/storm/mqtt/mappers/ByteArrayMessageMapper.java,Yes
external/storm-mqtt/src/main/java/org/apache/storm/mqtt/mappers/StringMessageMapper.java,Yes
external/storm-mqtt/src/main/java/org/apache/storm/mqtt/spout/MqttSpout.java,Yes
external/storm-opentsdb/src/main/java/org/apache/storm/opentsdb/bolt/TupleOpenTsdbDatapointMapper.java,No
external/storm-redis/src/main/java/org/apache/storm/redis/bolt/AbstractRedisBolt.java,No
external/storm-redis/src/main/java/org/apache/storm/redis/bolt/RedisFilterBolt.java,Yes
external/storm-redis/src/main/java/org/apache/storm/redis/bolt/RedisLookupBolt.java,Yes
external/storm-redis/src/main/java/org/apache/storm/redis/bolt/RedisStoreBolt.java,Yes
external/storm-redis/src/main/java/org/apache/storm/redis/common/adapter/RedisCommandsAdapterJedis.java,Yes
external/storm-redis/src/main/java/org/apache/storm/redis/common/adapter/RedisCommandsAdapterJedisCluster.java,Yes
external/storm-redis/src/main/java/org/apache/storm/redis/common/commands/RedisCommands.java,No
external/storm-redis/src/main/java/org/apache/storm/redis/common/config/JedisPoolConfig.java,Yes
external/storm-redis/src/main/java/org/apache/storm/redis/common/container/JedisClusterContainer.java,Yes
external/storm-redis/src/main/java/org/apache/storm/redis/common/container/JedisCommandsInstanceContainer.java,No
external/storm-redis/src/main/java/org/apache/storm/redis/common/container/JedisContainer.java,Yes
external/storm-redis/src/main/java/org/apache/storm/redis/common/container/RedisClusterContainer.java,Yes
external/storm-redis/src/main/java/org/apache/storm/redis/common/container/RedisContainer.java,Yes
external/storm-redis/src/main/java/org/apache/storm/redis/common/mapper/RedisDataTypeDescription.java,Yes
external/storm-redis/src/main/java/org/apache/storm/redis/state/RedisKeyValueState.java,Yes
external/storm-redis/src/main/java/org/apache/storm/redis/state/RedisKeyValueStateProvider.java,Yes
external/storm-redis/src/main/java/org/apache/storm/redis/trident/state/AbstractRedisStateQuerier.java,No
external/storm-redis/src/main/java/org/apache/storm/redis/trident/state/AbstractRedisStateUpdater.java,No
external/storm-redis/src/main/java/org/apache/storm/redis/trident/state/KeyFactory.java,No
external/storm-redis/src/main/java/org/apache/storm/redis/trident/state/RedisClusterMapState.java,Yes
external/storm-redis/src/main/java/org/apache/storm/redis/trident/state/RedisClusterState.java,Yes
external/storm-redis/src/main/java/org/apache/storm/redis/trident/state/RedisClusterStateQuerier.java,Yes
external/storm-redis/src/main/java/org/apache/storm/redis/trident/state/RedisClusterStateUpdater.java,Yes
external/storm-redis/src/main/java/org/apache/storm/redis/trident/state/RedisMapState.java,Yes
external/storm-redis/src/main/java/org/apache/storm/redis/trident/state/RedisState.java,Yes
external/storm-redis/src/main/java/org/apache/storm/redis/trident/state/RedisStateQuerier.java,Yes
external/storm-redis/src/main/java/org/apache/storm/redis/trident/state/RedisStateUpdater.java,Yes
external/storm-solr/src/main/java/org/apache/storm/solr/bolt/SolrUpdateBolt.java,Yes
flux/flux-core/src/main/java/org/apache/storm/flux/FluxBuilder.java,Yes
flux/flux-core/src/main/java/org/apache/storm/flux/model/VertexDef.java,No
flux/flux-examples/src/main/java/org/apache/storm/flux/examples/WordCounter.java,Yes
integration-test/src/main/java/org/apache/storm/st/utils/StringDecorator.java,Yes
integration-test/src/test/java/org/apache/storm/st/DemoTest.java,No
integration-test/src/test/java/org/apache/storm/st/tests/window/SlidingWindowTest.java,No
integration-test/src/test/java/org/apache/storm/st/tests/window/TumblingWindowTest.java,No
integration-test/src/test/java/org/apache/storm/st/wrapper/StormCluster.java,Yes
sql/storm-sql-core/src/jvm/org/apache/storm/sql/compiler/RexNodeToJavaCodeCompiler.java,Yes
sql/storm-sql-runtime/src/jvm/org/apache/storm/sql/runtime/datasource/socket/spout/SocketSpout.java,Yes
storm-client/src/jvm/org/apache/storm/Config.java,Yes
storm-client/src/jvm/org/apache/storm/Constants.java,Yes
storm-client/src/jvm/org/apache/storm/ILocalDRPC.java,No
storm-client/src/jvm/org/apache/storm/LogWriter.java,Yes
storm-client/src/jvm/org/apache/storm/StormSubmitter.java,Yes
storm-client/src/jvm/org/apache/storm/StormTimer.java,Yes
storm-client/src/jvm/org/apache/storm/assignments/ILocalAssignmentsBackend.java,No
storm-client/src/jvm/org/apache/storm/blobstore/BlobStore.java,No
storm-client/src/jvm/org/apache/storm/blobstore/BlobStoreAclHandler.java,Yes
storm-client/src/jvm/org/apache/storm/blobstore/ClientBlobStore.java,No
storm-client/src/jvm/org/apache/storm/cluster/ClusterUtils.java,Yes
storm-client/src/jvm/org/apache/storm/cluster/IStormClusterState.java,No
storm-client/src/jvm/org/apache/storm/cluster/StormClusterStateImpl.java,Yes
storm-client/src/jvm/org/apache/storm/coordination/BatchOutputCollector.java,No
storm-client/src/jvm/org/apache/storm/coordination/BatchOutputCollectorImpl.java,Yes
storm-client/src/jvm/org/apache/storm/coordination/BatchSubtopologyBuilder.java,Yes
storm-client/src/jvm/org/apache/storm/coordination/CoordinatedBolt.java,Yes
storm-client/src/jvm/org/apache/storm/daemon/Acker.java,Yes
storm-client/src/jvm/org/apache/storm/daemon/GrouperFactory.java,Yes
storm-client/src/jvm/org/apache/storm/daemon/StormCommon.java,Yes
storm-client/src/jvm/org/apache/storm/daemon/Task.java,Yes
storm-client/src/jvm/org/apache/storm/daemon/metrics/BuiltinMetricsUtil.java,Yes
storm-client/src/jvm/org/apache/storm/daemon/supervisor/AdvancedFSOps.java,Yes
storm-client/src/jvm/org/apache/storm/daemon/supervisor/ClientSupervisorUtils.java,Yes
storm-client/src/jvm/org/apache/storm/daemon/worker/BackPressureTracker.java,Yes
storm-client/src/jvm/org/apache/storm/daemon/worker/Worker.java,Yes
storm-client/src/jvm/org/apache/storm/daemon/worker/WorkerState.java,Yes
storm-client/src/jvm/org/apache/storm/daemon/worker/WorkerTransfer.java,Yes
storm-client/src/jvm/org/apache/storm/drpc/DRPCInvocationsClient.java,Yes
storm-client/src/jvm/org/apache/storm/drpc/JoinResult.java,Yes
storm-client/src/jvm/org/apache/storm/drpc/KeyedFairBolt.java,Yes
storm-client/src/jvm/org/apache/storm/drpc/LinearDRPCTopologyBuilder.java,Yes
storm-client/src/jvm/org/apache/storm/drpc/PrepareRequest.java,Yes
storm-client/src/jvm/org/apache/storm/drpc/ReturnResults.java,Yes
storm-client/src/jvm/org/apache/storm/executor/Executor.java,No
storm-client/src/jvm/org/apache/storm/executor/ExecutorShutdown.java,Yes
storm-client/src/jvm/org/apache/storm/executor/ExecutorTransfer.java,Yes
storm-client/src/jvm/org/apache/storm/executor/IRunningExecutor.java,No
storm-client/src/jvm/org/apache/storm/executor/LocalExecutor.java,Yes
storm-client/src/jvm/org/apache/storm/executor/TupleInfo.java,Yes
storm-client/src/jvm/org/apache/storm/executor/bolt/BoltExecutor.java,Yes
storm-client/src/jvm/org/apache/storm/executor/bolt/BoltOutputCollectorImpl.java,Yes
storm-client/src/jvm/org/apache/storm/executor/spout/SpoutExecutor.java,Yes
storm-client/src/jvm/org/apache/storm/executor/spout/SpoutOutputCollectorImpl.java,Yes
storm-client/src/jvm/org/apache/storm/generated/AccessControl.java,Yes
storm-client/src/jvm/org/apache/storm/generated/AccessControlType.java,No
storm-client/src/jvm/org/apache/storm/generated/AlreadyAliveException.java,Yes
storm-client/src/jvm/org/apache/storm/generated/Assignment.java,Yes
storm-client/src/jvm/org/apache/storm/generated/AuthorizationException.java,Yes
storm-client/src/jvm/org/apache/storm/generated/BeginDownloadResult.java,Yes
storm-client/src/jvm/org/apache/storm/generated/Bolt.java,Yes
storm-client/src/jvm/org/apache/storm/generated/BoltAggregateStats.java,Yes
storm-client/src/jvm/org/apache/storm/generated/BoltStats.java,Yes
storm-client/src/jvm/org/apache/storm/generated/ClusterSummary.java,Yes
storm-client/src/jvm/org/apache/storm/generated/ClusterWorkerHeartbeat.java,Yes
storm-client/src/jvm/org/apache/storm/generated/CommonAggregateStats.java,Yes
storm-client/src/jvm/org/apache/storm/generated/ComponentAggregateStats.java,Yes
storm-client/src/jvm/org/apache/storm/generated/ComponentCommon.java,Yes
storm-client/src/jvm/org/apache/storm/generated/ComponentObject.java,Yes
storm-client/src/jvm/org/apache/storm/generated/ComponentPageInfo.java,Yes
storm-client/src/jvm/org/apache/storm/generated/ComponentType.java,No
storm-client/src/jvm/org/apache/storm/generated/Credentials.java,Yes
storm-client/src/jvm/org/apache/storm/generated/DRPCExceptionType.java,No
storm-client/src/jvm/org/apache/storm/generated/DRPCExecutionException.java,Yes
storm-client/src/jvm/org/apache/storm/generated/DRPCRequest.java,Yes
storm-client/src/jvm/org/apache/storm/generated/DebugOptions.java,Yes
storm-client/src/jvm/org/apache/storm/generated/DistributedRPC.java,Yes
storm-client/src/jvm/org/apache/storm/generated/DistributedRPCInvocations.java,Yes
storm-client/src/jvm/org/apache/storm/generated/ErrorInfo.java,Yes
storm-client/src/jvm/org/apache/storm/generated/ExecutorAggregateStats.java,Yes
storm-client/src/jvm/org/apache/storm/generated/ExecutorInfo.java,Yes
storm-client/src/jvm/org/apache/storm/generated/ExecutorSpecificStats.java,Yes
storm-client/src/jvm/org/apache/storm/generated/ExecutorStats.java,Yes
storm-client/src/jvm/org/apache/storm/generated/ExecutorSummary.java,Yes
storm-client/src/jvm/org/apache/storm/generated/GetInfoOptions.java,Yes
storm-client/src/jvm/org/apache/storm/generated/GlobalStreamId.java,Yes
storm-client/src/jvm/org/apache/storm/generated/Grouping.java,Yes
storm-client/src/jvm/org/apache/storm/generated/HBAuthorizationException.java,Yes
storm-client/src/jvm/org/apache/storm/generated/HBExecutionException.java,Yes
storm-client/src/jvm/org/apache/storm/generated/HBMessage.java,Yes
storm-client/src/jvm/org/apache/storm/generated/HBMessageData.java,Yes
storm-client/src/jvm/org/apache/storm/generated/HBNodes.java,Yes
storm-client/src/jvm/org/apache/storm/generated/HBPulse.java,Yes
storm-client/src/jvm/org/apache/storm/generated/HBRecords.java,Yes
storm-client/src/jvm/org/apache/storm/generated/HBServerMessageType.java,No
storm-client/src/jvm/org/apache/storm/generated/IllegalStateException.java,Yes
storm-client/src/jvm/org/apache/storm/generated/InvalidTopologyException.java,Yes
storm-client/src/jvm/org/apache/storm/generated/JavaObject.java,Yes
storm-client/src/jvm/org/apache/storm/generated/JavaObjectArg.java,Yes
storm-client/src/jvm/org/apache/storm/generated/KeyAlreadyExistsException.java,Yes
storm-client/src/jvm/org/apache/storm/generated/KeyNotFoundException.java,Yes
storm-client/src/jvm/org/apache/storm/generated/KillOptions.java,Yes
storm-client/src/jvm/org/apache/storm/generated/LSApprovedWorkers.java,Yes
storm-client/src/jvm/org/apache/storm/generated/LSSupervisorAssignments.java,Yes
storm-client/src/jvm/org/apache/storm/generated/LSSupervisorId.java,Yes
storm-client/src/jvm/org/apache/storm/generated/LSTopoHistory.java,Yes
storm-client/src/jvm/org/apache/storm/generated/LSTopoHistoryList.java,Yes
storm-client/src/jvm/org/apache/storm/generated/LSWorkerHeartbeat.java,Yes
storm-client/src/jvm/org/apache/storm/generated/ListBlobsResult.java,Yes
storm-client/src/jvm/org/apache/storm/generated/LocalAssignment.java,Yes
storm-client/src/jvm/org/apache/storm/generated/LocalStateData.java,Yes
storm-client/src/jvm/org/apache/storm/generated/LogConfig.java,Yes
storm-client/src/jvm/org/apache/storm/generated/LogLevel.java,Yes
storm-client/src/jvm/org/apache/storm/generated/LogLevelAction.java,No
storm-client/src/jvm/org/apache/storm/generated/Nimbus.java,No
storm-client/src/jvm/org/apache/storm/generated/NimbusSummary.java,Yes
storm-client/src/jvm/org/apache/storm/generated/NodeInfo.java,Yes
storm-client/src/jvm/org/apache/storm/generated/NotAliveException.java,Yes
storm-client/src/jvm/org/apache/storm/generated/NullStruct.java,Yes
storm-client/src/jvm/org/apache/storm/generated/NumErrorsChoice.java,No
storm-client/src/jvm/org/apache/storm/generated/OwnerResourceSummary.java,Yes
storm-client/src/jvm/org/apache/storm/generated/PrivateWorkerKey.java,Yes
storm-client/src/jvm/org/apache/storm/generated/ProfileAction.java,No
storm-client/src/jvm/org/apache/storm/generated/ProfileRequest.java,Yes
storm-client/src/jvm/org/apache/storm/generated/ReadableBlobMeta.java,Yes
storm-client/src/jvm/org/apache/storm/generated/RebalanceOptions.java,Yes
storm-client/src/jvm/org/apache/storm/generated/SettableBlobMeta.java,Yes
storm-client/src/jvm/org/apache/storm/generated/SharedMemory.java,Yes
storm-client/src/jvm/org/apache/storm/generated/ShellComponent.java,Yes
storm-client/src/jvm/org/apache/storm/generated/SpecificAggregateStats.java,Yes
storm-client/src/jvm/org/apache/storm/generated/SpoutAggregateStats.java,Yes
storm-client/src/jvm/org/apache/storm/generated/SpoutSpec.java,Yes
storm-client/src/jvm/org/apache/storm/generated/SpoutStats.java,Yes
storm-client/src/jvm/org/apache/storm/generated/StateSpoutSpec.java,Yes
storm-client/src/jvm/org/apache/storm/generated/StormBase.java,Yes
storm-client/src/jvm/org/apache/storm/generated/StormTopology.java,Yes
storm-client/src/jvm/org/apache/storm/generated/StreamInfo.java,Yes
storm-client/src/jvm/org/apache/storm/generated/SubmitOptions.java,Yes
storm-client/src/jvm/org/apache/storm/generated/Supervisor.java,Yes
storm-client/src/jvm/org/apache/storm/generated/SupervisorAssignments.java,Yes
storm-client/src/jvm/org/apache/storm/generated/SupervisorInfo.java,Yes
storm-client/src/jvm/org/apache/storm/generated/SupervisorPageInfo.java,Yes
storm-client/src/jvm/org/apache/storm/generated/SupervisorSummary.java,Yes
storm-client/src/jvm/org/apache/storm/generated/SupervisorWorkerHeartbeat.java,Yes
storm-client/src/jvm/org/apache/storm/generated/SupervisorWorkerHeartbeats.java,Yes
storm-client/src/jvm/org/apache/storm/generated/ThriftSerializedObject.java,Yes
storm-client/src/jvm/org/apache/storm/generated/TopologyActionOptions.java,Yes
storm-client/src/jvm/org/apache/storm/generated/TopologyHistoryInfo.java,Yes
storm-client/src/jvm/org/apache/storm/generated/TopologyInfo.java,Yes
storm-client/src/jvm/org/apache/storm/generated/TopologyInitialStatus.java,No
storm-client/src/jvm/org/apache/storm/generated/TopologyPageInfo.java,Yes
storm-client/src/jvm/org/apache/storm/generated/TopologyStats.java,Yes
storm-client/src/jvm/org/apache/storm/generated/TopologyStatus.java,No
storm-client/src/jvm/org/apache/storm/generated/TopologySummary.java,Yes
storm-client/src/jvm/org/apache/storm/generated/WorkerMetricList.java,Yes
storm-client/src/jvm/org/apache/storm/generated/WorkerMetricPoint.java,Yes
storm-client/src/jvm/org/apache/storm/generated/WorkerMetrics.java,Yes
storm-client/src/jvm/org/apache/storm/generated/WorkerResources.java,Yes
storm-client/src/jvm/org/apache/storm/generated/WorkerSummary.java,Yes
storm-client/src/jvm/org/apache/storm/generated/WorkerToken.java,Yes
storm-client/src/jvm/org/apache/storm/generated/WorkerTokenInfo.java,Yes
storm-client/src/jvm/org/apache/storm/generated/WorkerTokenServiceType.java,No
storm-client/src/jvm/org/apache/storm/grouping/Load.java,Yes
storm-client/src/jvm/org/apache/storm/grouping/PartialKeyGrouping.java,Yes
storm-client/src/jvm/org/apache/storm/grouping/ShuffleGrouping.java,Yes
storm-client/src/jvm/org/apache/storm/hooks/info/BoltExecuteInfo.java,Yes
storm-client/src/jvm/org/apache/storm/messaging/IConnection.java,No
storm-client/src/jvm/org/apache/storm/messaging/IContext.java,No
storm-client/src/jvm/org/apache/storm/messaging/local/Context.java,Yes
storm-client/src/jvm/org/apache/storm/messaging/netty/BackPressureStatus.java,Yes
storm-client/src/jvm/org/apache/storm/messaging/netty/Client.java,Yes
storm-client/src/jvm/org/apache/storm/messaging/netty/Context.java,Yes
storm-client/src/jvm/org/apache/storm/messaging/netty/KerberosSaslNettyClient.java,Yes
storm-client/src/jvm/org/apache/storm/messaging/netty/KerberosSaslNettyServer.java,No
storm-client/src/jvm/org/apache/storm/messaging/netty/Login.java,Yes
storm-client/src/jvm/org/apache/storm/messaging/netty/MessageDecoder.java,Yes
storm-client/src/jvm/org/apache/storm/messaging/netty/SaslNettyClient.java,Yes
storm-client/src/jvm/org/apache/storm/messaging/netty/Server.java,No
storm-client/src/jvm/org/apache/storm/messaging/netty/StormClientHandler.java,Yes
storm-client/src/jvm/org/apache/storm/messaging/netty/StormClientPipelineFactory.java,No
storm-client/src/jvm/org/apache/storm/messaging/netty/StormServerPipelineFactory.java,No
storm-client/src/jvm/org/apache/storm/metric/FileBasedEventLogger.java,Yes
storm-client/src/jvm/org/apache/storm/metric/SystemBolt.java,Yes
storm-client/src/jvm/org/apache/storm/metric/api/AssignableMetric.java,Yes
storm-client/src/jvm/org/apache/storm/metric/api/CombinedMetric.java,Yes
storm-client/src/jvm/org/apache/storm/metric/api/CountMetric.java,Yes
storm-client/src/jvm/org/apache/storm/metric/api/MeanReducer.java,Yes
storm-client/src/jvm/org/apache/storm/metric/api/MultiCountMetric.java,Yes
storm-client/src/jvm/org/apache/storm/metric/api/MultiReducedMetric.java,Yes
storm-client/src/jvm/org/apache/storm/metric/api/ReducedMetric.java,Yes
storm-client/src/jvm/org/apache/storm/metric/api/rpc/AssignableShellMetric.java,Yes
storm-client/src/jvm/org/apache/storm/metric/api/rpc/CombinedShellMetric.java,Yes
storm-client/src/jvm/org/apache/storm/metric/api/rpc/CountShellMetric.java,Yes
storm-client/src/jvm/org/apache/storm/metric/api/rpc/ReducedShellMetric.java,Yes
storm-client/src/jvm/org/apache/storm/metric/cgroup/CGroupMemoryLimit.java,Yes
storm-client/src/jvm/org/apache/storm/metric/internal/RateTracker.java,Yes
storm-client/src/jvm/org/apache/storm/metrics2/StormMetricRegistry.java,Yes
storm-client/src/jvm/org/apache/storm/multilang/JsonSerializer.java,Yes
storm-client/src/jvm/org/apache/storm/nimbus/ILeaderElector.java,No
storm-client/src/jvm/org/apache/storm/pacemaker/PacemakerClient.java,Yes
storm-client/src/jvm/org/apache/storm/pacemaker/PacemakerClientHandler.java,Yes
storm-client/src/jvm/org/apache/storm/pacemaker/codec/ThriftNettyClientCodec.java,Yes
storm-client/src/jvm/org/apache/storm/policy/IWaitStrategy.java,No
storm-client/src/jvm/org/apache/storm/policy/WaitStrategyPark.java,Yes
storm-client/src/jvm/org/apache/storm/policy/WaitStrategyProgressive.java,Yes
storm-client/src/jvm/org/apache/storm/scheduler/WorkerSlot.java,Yes
storm-client/src/jvm/org/apache/storm/security/auth/AutoSSL.java,Yes
storm-client/src/jvm/org/apache/storm/security/auth/DefaultPrincipalToLocal.java,Yes
storm-client/src/jvm/org/apache/storm/security/auth/KerberosPrincipalToLocal.java,Yes
storm-client/src/jvm/org/apache/storm/security/auth/ShellBasedGroupsMapping.java,Yes
storm-client/src/jvm/org/apache/storm/security/auth/SimpleTransportPlugin.java,Yes
storm-client/src/jvm/org/apache/storm/security/auth/authorizer/DRPCSimpleACLAuthorizer.java,Yes
storm-client/src/jvm/org/apache/storm/security/auth/authorizer/DenyAuthorizer.java,Yes
storm-client/src/jvm/org/apache/storm/security/auth/authorizer/NoopAuthorizer.java,Yes
storm-client/src/jvm/org/apache/storm/security/auth/digest/DigestSaslTransportPlugin.java,Yes
storm-client/src/jvm/org/apache/storm/security/auth/kerberos/AutoTGTKrb5LoginModule.java,Yes
storm-client/src/jvm/org/apache/storm/security/auth/kerberos/ClientCallbackHandler.java,Yes
storm-client/src/jvm/org/apache/storm/security/auth/kerberos/KerberosSaslTransportPlugin.java,Yes
storm-client/src/jvm/org/apache/storm/security/auth/kerberos/ServerCallbackHandler.java,Yes
storm-client/src/jvm/org/apache/storm/security/auth/sasl/SaslTransportPlugin.java,No
storm-client/src/jvm/org/apache/storm/security/auth/workertoken/WorkerTokenAuthorizer.java,Yes
storm-client/src/jvm/org/apache/storm/serialization/DefaultKryoFactory.java,Yes
storm-client/src/jvm/org/apache/storm/serialization/KryoTupleDeserializer.java,Yes
storm-client/src/jvm/org/apache/storm/serialization/KryoTupleSerializer.java,Yes
storm-client/src/jvm/org/apache/storm/serialization/KryoValuesDeserializer.java,Yes
storm-client/src/jvm/org/apache/storm/serialization/KryoValuesSerializer.java,Yes
storm-client/src/jvm/org/apache/storm/serialization/SerializationFactory.java,Yes
storm-client/src/jvm/org/apache/storm/spout/ISpoutOutputCollector.java,No
storm-client/src/jvm/org/apache/storm/spout/RawScheme.java,Yes
storm-client/src/jvm/org/apache/storm/spout/ShellSpout.java,Yes
storm-client/src/jvm/org/apache/storm/spout/SpoutOutputCollector.java,Yes
storm-client/src/jvm/org/apache/storm/state/BaseBinaryStateIterator.java,No
storm-client/src/jvm/org/apache/storm/state/DefaultStateEncoder.java,Yes
storm-client/src/jvm/org/apache/storm/state/DefaultStateSerializer.java,Yes
storm-client/src/jvm/org/apache/storm/stats/BoltExecutorStats.java,Yes
storm-client/src/jvm/org/apache/storm/stats/ClientStatsUtil.java,Yes
storm-client/src/jvm/org/apache/storm/stats/CommonStats.java,No
storm-client/src/jvm/org/apache/storm/stats/SpoutExecutorStats.java,Yes
storm-client/src/jvm/org/apache/storm/streams/PairStream.java,Yes
storm-client/src/jvm/org/apache/storm/streams/operations/Reducer.java,No
storm-client/src/jvm/org/apache/storm/task/GeneralTopologyContext.java,Yes
storm-client/src/jvm/org/apache/storm/task/IOutputCollector.java,No
storm-client/src/jvm/org/apache/storm/task/OutputCollector.java,Yes
storm-client/src/jvm/org/apache/storm/task/ShellBolt.java,Yes
storm-client/src/jvm/org/apache/storm/task/TopologyContext.java,Yes
storm-client/src/jvm/org/apache/storm/testing/BoltTracker.java,Yes
storm-client/src/jvm/org/apache/storm/testing/FeederSpout.java,Yes
storm-client/src/jvm/org/apache/storm/testing/FixedTupleSpout.java,Yes
storm-client/src/jvm/org/apache/storm/testing/NonRichBoltTracker.java,Yes
storm-client/src/jvm/org/apache/storm/testing/PythonShellMetricsBolt.java,Yes
storm-client/src/jvm/org/apache/storm/testing/PythonShellMetricsSpout.java,Yes
storm-client/src/jvm/org/apache/storm/testing/SingleUserSimpleTransport.java,Yes
storm-client/src/jvm/org/apache/storm/testing/SpoutTracker.java,Yes
storm-client/src/jvm/org/apache/storm/testing/TestAggregatesCounter.java,Yes
storm-client/src/jvm/org/apache/storm/testing/TestEventLogSpout.java,Yes
storm-client/src/jvm/org/apache/storm/testing/TestEventOrderCheckBolt.java,Yes
storm-client/src/jvm/org/apache/storm/testing/TestGlobalCount.java,Yes
storm-client/src/jvm/org/apache/storm/testing/TestKryoDecorator.java,Yes
storm-client/src/jvm/org/apache/storm/testing/TestPlannerBolt.java,Yes
storm-client/src/jvm/org/apache/storm/testing/TestPlannerSpout.java,Yes
storm-client/src/jvm/org/apache/storm/testing/TestWordCounter.java,Yes
storm-client/src/jvm/org/apache/storm/testing/TestWordSpout.java,Yes
storm-client/src/jvm/org/apache/storm/testing/TupleCaptureBolt.java,Yes
storm-client/src/jvm/org/apache/storm/topology/BaseConfigurationDeclarer.java,No
storm-client/src/jvm/org/apache/storm/topology/BasicBoltExecutor.java,Yes
storm-client/src/jvm/org/apache/storm/topology/BasicOutputCollector.java,Yes
storm-client/src/jvm/org/apache/storm/topology/CheckpointTupleForwarder.java,Yes
storm-client/src/jvm/org/apache/storm/topology/ComponentConfigurationDeclarer.java,No
storm-client/src/jvm/org/apache/storm/topology/OutputFieldsGetter.java,Yes
storm-client/src/jvm/org/apache/storm/topology/ResourceDeclarer.java,No
storm-client/src/jvm/org/apache/storm/topology/SharedOffHeapWithinNode.java,Yes
storm-client/src/jvm/org/apache/storm/topology/SharedOffHeapWithinWorker.java,Yes
storm-client/src/jvm/org/apache/storm/topology/SharedOnHeap.java,Yes
storm-client/src/jvm/org/apache/storm/topology/TopologyBuilder.java,Yes
storm-client/src/jvm/org/apache/storm/topology/WindowedBoltExecutor.java,Yes
storm-client/src/jvm/org/apache/storm/trident/Stream.java,Yes
storm-client/src/jvm/org/apache/storm/trident/TridentState.java,Yes
storm-client/src/jvm/org/apache/storm/trident/TridentTopology.java,Yes
storm-client/src/jvm/org/apache/storm/trident/fluent/ChainedAggregatorDeclarer.java,Yes
storm-client/src/jvm/org/apache/storm/trident/graph/Group.java,Yes
storm-client/src/jvm/org/apache/storm/trident/operation/DefaultResourceDeclarer.java,Yes
storm-client/src/jvm/org/apache/storm/trident/operation/ITridentResource.java,No
storm-client/src/jvm/org/apache/storm/trident/operation/TridentCollector.java,No
storm-client/src/jvm/org/apache/storm/trident/operation/TridentOperationContext.java,Yes
storm-client/src/jvm/org/apache/storm/trident/operation/impl/CaptureCollector.java,Yes
storm-client/src/jvm/org/apache/storm/trident/operation/impl/ChainedAggregatorImpl.java,Yes
storm-client/src/jvm/org/apache/storm/trident/operation/impl/CombinerAggregatorCombineImpl.java,Yes
storm-client/src/jvm/org/apache/storm/trident/operation/impl/GroupCollector.java,Yes
storm-client/src/jvm/org/apache/storm/trident/operation/impl/ReducerAggregatorImpl.java,Yes
storm-client/src/jvm/org/apache/storm/trident/planner/BridgeReceiver.java,Yes
storm-client/src/jvm/org/apache/storm/trident/planner/TupleReceiver.java,No
storm-client/src/jvm/org/apache/storm/trident/planner/processor/AggregateProcessor.java,Yes
storm-client/src/jvm/org/apache/storm/trident/planner/processor/AppendCollector.java,Yes
storm-client/src/jvm/org/apache/storm/trident/planner/processor/EachProcessor.java,Yes
storm-client/src/jvm/org/apache/storm/trident/planner/processor/FreshCollector.java,Yes
storm-client/src/jvm/org/apache/storm/trident/planner/processor/MapProcessor.java,Yes
storm-client/src/jvm/org/apache/storm/trident/planner/processor/MultiReducerProcessor.java,Yes
storm-client/src/jvm/org/apache/storm/trident/planner/processor/PartitionPersistProcessor.java,Yes
storm-client/src/jvm/org/apache/storm/trident/planner/processor/ProjectedProcessor.java,Yes
storm-client/src/jvm/org/apache/storm/trident/planner/processor/StateQueryProcessor.java,Yes
storm-client/src/jvm/org/apache/storm/trident/spout/RichSpoutBatchExecutor.java,Yes
storm-client/src/jvm/org/apache/storm/trident/spout/RichSpoutBatchTriggerer.java,Yes
storm-client/src/jvm/org/apache/storm/trident/spout/TridentSpoutExecutor.java,Yes
storm-client/src/jvm/org/apache/storm/trident/testing/FeederBatchSpout.java,Yes
storm-client/src/jvm/org/apache/storm/trident/testing/LRUMemoryMapState.java,Yes
storm-client/src/jvm/org/apache/storm/trident/testing/MemoryMapState.java,Yes
storm-client/src/jvm/org/apache/storm/trident/topology/TransactionAttempt.java,Yes
storm-client/src/jvm/org/apache/storm/trident/topology/TridentBoltExecutor.java,Yes
storm-client/src/jvm/org/apache/storm/trident/topology/TridentTopologyBuilder.java,Yes
storm-client/src/jvm/org/apache/storm/trident/windowing/AbstractTridentWindowManager.java,No
storm-client/src/jvm/org/apache/storm/trident/windowing/InMemoryTridentWindowManager.java,Yes
storm-client/src/jvm/org/apache/storm/trident/windowing/StoreBasedTridentWindowManager.java,Yes
storm-client/src/jvm/org/apache/storm/trident/windowing/WindowTridentProcessor.java,Yes
storm-client/src/jvm/org/apache/storm/trident/windowing/config/BaseWindowConfig.java,No
storm-client/src/jvm/org/apache/storm/tuple/AddressedTuple.java,No
storm-client/src/jvm/org/apache/storm/tuple/Fields.java,Yes
storm-client/src/jvm/org/apache/storm/tuple/MessageId.java,Yes
storm-client/src/jvm/org/apache/storm/tuple/TupleImpl.java,Yes
storm-client/src/jvm/org/apache/storm/utils/ConfigUtils.java,Yes
storm-client/src/jvm/org/apache/storm/utils/DRPCClient.java,Yes
storm-client/src/jvm/org/apache/storm/utils/DefaultShellLogHandler.java,Yes
storm-client/src/jvm/org/apache/storm/utils/JCQueue.java,Yes
storm-client/src/jvm/org/apache/storm/utils/MutableLong.java,Yes
storm-client/src/jvm/org/apache/storm/utils/ObjectReader.java,Yes
storm-client/src/jvm/org/apache/storm/utils/RotatingMap.java,Yes
storm-client/src/jvm/org/apache/storm/utils/ShellUtils.java,No
storm-client/src/jvm/org/apache/storm/utils/SupervisorClient.java,Yes
storm-client/src/jvm/org/apache/storm/utils/SupervisorIfaceFactory.java,No
storm-client/src/jvm/org/apache/storm/utils/ThriftTopologyUtils.java,Yes
storm-client/src/jvm/org/apache/storm/utils/Time.java,Yes
storm-client/src/jvm/org/apache/storm/utils/TimeCacheMap.java,Yes
storm-client/src/jvm/org/apache/storm/utils/TransferDrainer.java,Yes
storm-client/src/jvm/org/apache/storm/utils/Utils.java,Yes
storm-client/src/jvm/org/apache/storm/utils/VersionInfo.java,No
storm-client/src/jvm/org/apache/storm/validation/ConfigValidation.java,Yes
storm-client/src/jvm/org/apache/storm/validation/ConfigValidationAnnotations.java,Yes
storm-client/src/jvm/org/apache/storm/windowing/WatermarkCountEvictionPolicy.java,Yes
storm-client/src/jvm/org/apache/storm/windowing/persistence/SimpleWindowPartitionCache.java,Yes
storm-client/test/jvm/org/apache/storm/PaceMakerStateStorageFactoryTest.java,Yes
storm-client/test/jvm/org/apache/storm/bolt/TestJoinBolt.java,Yes
storm-client/test/jvm/org/apache/storm/cluster/StormClusterStateImplTest.java,Yes
storm-client/test/jvm/org/apache/storm/daemon/worker/BackPressureTrackerTest.java,Yes
storm-client/test/jvm/org/apache/storm/dependency/DependencyUploaderTest.java,Yes
storm-client/test/jvm/org/apache/storm/security/auth/authorizer/DRPCSimpleACLAuthorizerTest.java,Yes
storm-client/test/jvm/org/apache/storm/topology/WindowedBoltExecutorTest.java,Yes
storm-client/test/jvm/org/apache/storm/utils/JCQueueBackpressureTest.java,Yes
storm-client/test/jvm/org/apache/storm/utils/JCQueueTest.java,Yes
storm-client/test/jvm/org/apache/storm/utils/UtilsTest.java,Yes
storm-clojure/src/main/java/org/apache/storm/clojure/ClojureTuple.java,Yes
storm-clojure/src/main/java/org/apache/storm/clojure/IndifferentAccessMap.java,Yes
storm-core/src/jvm/org/apache/storm/command/AdminCommands.java,Yes
storm-core/test/jvm/org/apache/storm/messaging/NettyIntegrationTest.java,Yes
storm-server/src/main/java/org/apache/storm/DaemonConfig.java,Yes
storm-server/src/main/java/org/apache/storm/LocalCluster.java,Yes
storm-server/src/main/java/org/apache/storm/Testing.java,Yes
storm-server/src/main/java/org/apache/storm/blobstore/LocalFsBlobStore.java,Yes
storm-server/src/main/java/org/apache/storm/blobstore/LocalFsBlobStoreSynchronizer.java,Yes
storm-server/src/main/java/org/apache/storm/container/ResourceIsolationInterface.java,No
storm-server/src/main/java/org/apache/storm/container/cgroup/CgroupManager.java,Yes
storm-server/src/main/java/org/apache/storm/daemon/drpc/BlockingOutstandingRequest.java,Yes
storm-server/src/main/java/org/apache/storm/daemon/nimbus/HeartbeatCache.java,Yes
storm-server/src/main/java/org/apache/storm/daemon/nimbus/Nimbus.java,Yes
storm-server/src/main/java/org/apache/storm/daemon/nimbus/TopologyResources.java,No
storm-server/src/main/java/org/apache/storm/daemon/supervisor/BasicContainer.java,Yes
storm-server/src/main/java/org/apache/storm/daemon/supervisor/Container.java,No
storm-server/src/main/java/org/apache/storm/daemon/supervisor/ContainerLauncher.java,No
storm-server/src/main/java/org/apache/storm/daemon/supervisor/LocalContainer.java,Yes
storm-server/src/main/java/org/apache/storm/daemon/supervisor/LocalContainerLauncher.java,Yes
storm-server/src/main/java/org/apache/storm/daemon/supervisor/ReadClusterState.java,Yes
storm-server/src/main/java/org/apache/storm/daemon/supervisor/Slot.java,Yes
storm-server/src/main/java/org/apache/storm/daemon/supervisor/Supervisor.java,Yes
storm-server/src/main/java/org/apache/storm/localizer/AsyncLocalizer.java,Yes
storm-server/src/main/java/org/apache/storm/localizer/IOFunction.java,No
storm-server/src/main/java/org/apache/storm/localizer/LocalizedResource.java,Yes
storm-server/src/main/java/org/apache/storm/localizer/LocalizedResourceRetentionSet.java,Yes
storm-server/src/main/java/org/apache/storm/localizer/LocallyCachedBlob.java,No
storm-server/src/main/java/org/apache/storm/localizer/LocallyCachedTopologyBlob.java,Yes
storm-server/src/main/java/org/apache/storm/logging/filters/AccessLoggingFilter.java,Yes
storm-server/src/main/java/org/apache/storm/metricstore/Metric.java,Yes
storm-server/src/main/java/org/apache/storm/metricstore/MetricStore.java,No
storm-server/src/main/java/org/apache/storm/metricstore/rocksdb/RocksDbStore.java,Yes
storm-server/src/main/java/org/apache/storm/metricstore/rocksdb/StringMetadataCache.java,Yes
storm-server/src/main/java/org/apache/storm/nimbus/AssignmentDistributionService.java,Yes
storm-server/src/main/java/org/apache/storm/scheduler/Cluster.java,Yes
storm-server/src/main/java/org/apache/storm/scheduler/Component.java,Yes
storm-server/src/main/java/org/apache/storm/scheduler/DefaultScheduler.java,Yes
storm-server/src/main/java/org/apache/storm/scheduler/EvenScheduler.java,Yes
storm-server/src/main/java/org/apache/storm/scheduler/INimbus.java,No
storm-server/src/main/java/org/apache/storm/scheduler/IScheduler.java,No
storm-server/src/main/java/org/apache/storm/scheduler/ISchedulingState.java,No
storm-server/src/main/java/org/apache/storm/scheduler/ISupervisor.java,No
storm-server/src/main/java/org/apache/storm/scheduler/IsolationScheduler.java,Yes
storm-server/src/main/java/org/apache/storm/scheduler/SingleTopologyCluster.java,Yes
storm-server/src/main/java/org/apache/storm/scheduler/Topologies.java,Yes
storm-server/src/main/java/org/apache/storm/scheduler/TopologyDetails.java,Yes
storm-server/src/main/java/org/apache/storm/scheduler/blacklist/BlacklistScheduler.java,Yes
storm-server/src/main/java/org/apache/storm/scheduler/blacklist/strategies/DefaultBlacklistStrategy.java,Yes
storm-server/src/main/java/org/apache/storm/scheduler/multitenant/MultitenantScheduler.java,Yes
storm-server/src/main/java/org/apache/storm/scheduler/resource/RasNodes.java,Yes
storm-server/src/main/java/org/apache/storm/scheduler/resource/ResourceAwareScheduler.java,Yes
storm-server/src/main/java/org/apache/storm/scheduler/resource/ResourceUtils.java,Yes
storm-server/src/main/java/org/apache/storm/scheduler/resource/SchedulingResult.java,Yes
storm-server/src/main/java/org/apache/storm/scheduler/resource/SchedulingStatus.java,No
storm-server/src/main/java/org/apache/storm/scheduler/resource/User.java,Yes
storm-server/src/main/java/org/apache/storm/scheduler/resource/normalization/NormalizedResources.java,Yes
storm-server/src/main/java/org/apache/storm/scheduler/resource/strategies/priority/DefaultSchedulingPriorityStrategy.java,Yes
storm-server/src/main/java/org/apache/storm/scheduler/resource/strategies/priority/ISchedulingPriorityStrategy.java,No
storm-server/src/main/java/org/apache/storm/scheduler/resource/strategies/scheduling/BaseResourceAwareStrategy.java,No
storm-server/src/main/java/org/apache/storm/scheduler/resource/strategies/scheduling/ConstraintSolverConfig.java,No
storm-server/src/main/java/org/apache/storm/scheduler/resource/strategies/scheduling/ConstraintSolverStrategy.java,Yes
storm-server/src/main/java/org/apache/storm/scheduler/resource/strategies/scheduling/DefaultResourceAwareStrategy.java,Yes
storm-server/src/main/java/org/apache/storm/scheduler/resource/strategies/scheduling/IStrategy.java,No
storm-server/src/main/java/org/apache/storm/scheduler/resource/strategies/scheduling/ObjectResourcesItem.java,Yes
storm-server/src/main/java/org/apache/storm/scheduler/resource/strategies/scheduling/sorter/ExecSorterByConnectionCount.java,Yes
storm-server/src/main/java/org/apache/storm/scheduler/resource/strategies/scheduling/sorter/ExecSorterByProximity.java,Yes
storm-server/src/main/java/org/apache/storm/scheduler/resource/strategies/scheduling/sorter/INodeSorter.java,No
storm-server/src/main/java/org/apache/storm/scheduler/resource/strategies/scheduling/sorter/NodeSorter.java,Yes
storm-server/src/main/java/org/apache/storm/scheduler/resource/strategies/scheduling/sorter/NodeSorterHostProximity.java,Yes
storm-server/src/main/java/org/apache/storm/scheduler/utils/ArtifactoryConfigLoader.java,Yes
storm-server/src/main/java/org/apache/storm/scheduler/utils/SchedulerConfigCache.java,Yes
storm-server/src/main/java/org/apache/storm/stats/StatsUtil.java,Yes
storm-server/src/main/java/org/apache/storm/utils/EnumUtil.java,Yes
storm-server/src/main/java/org/apache/storm/utils/ServerUtils.java,Yes
storm-server/src/main/java/org/apache/storm/zookeeper/AclEnforcement.java,Yes
storm-server/src/test/java/org/apache/storm/MessagingTest.java,Yes
storm-server/src/test/java/org/apache/storm/TestCgroups.java,Yes
storm-server/src/test/java/org/apache/storm/TestRebalance.java,Yes
storm-server/src/test/java/org/apache/storm/blobstore/LocalFsBlobStoreSynchronizerTest.java,Yes
storm-server/src/test/java/org/apache/storm/blobstore/LocalFsBlobStoreTest.java,Yes
storm-server/src/test/java/org/apache/storm/daemon/nimbus/NimbusTest.java,Yes
storm-server/src/test/java/org/apache/storm/daemon/supervisor/BasicContainerTest.java,Yes
storm-server/src/test/java/org/apache/storm/daemon/supervisor/SlotTest.java,Yes
storm-server/src/test/java/org/apache/storm/localizer/AsyncLocalizerTest.java,Yes
storm-server/src/test/java/org/apache/storm/scheduler/ClusterTest.java,Yes
storm-server/src/test/java/org/apache/storm/scheduler/blacklist/TestBlacklistScheduler.java,Yes
storm-server/src/test/java/org/apache/storm/scheduler/blacklist/TestUtilsForBlacklistScheduler.java,Yes
storm-server/src/test/java/org/apache/storm/scheduler/resource/TestResourceAwareScheduler.java,Yes
storm-server/src/test/java/org/apache/storm/scheduler/resource/TestUser.java,Yes
storm-server/src/test/java/org/apache/storm/scheduler/resource/TestUtilsForResourceAwareScheduler.java,Yes
storm-server/src/test/java/org/apache/storm/scheduler/resource/strategies/eviction/TestDefaultEvictionStrategy.java,Yes
storm-server/src/test/java/org/apache/storm/scheduler/resource/strategies/priority/TestFIFOSchedulingPriorityStrategy.java,Yes
storm-server/src/test/java/org/apache/storm/scheduler/resource/strategies/priority/TestGenericResourceAwareSchedulingPriorityStrategy.java,Yes
storm-server/src/test/java/org/apache/storm/scheduler/resource/strategies/scheduling/TestBackwardCompatibility.java,Yes
storm-server/src/test/java/org/apache/storm/scheduler/resource/strategies/scheduling/TestConstraintSolverStrategy.java,Yes
storm-server/src/test/java/org/apache/storm/scheduler/resource/strategies/scheduling/TestDefaultResourceAwareStrategy.java,Yes
storm-server/src/test/java/org/apache/storm/scheduler/resource/strategies/scheduling/TestGenericResourceAwareStrategy.java,Yes
storm-server/src/test/java/org/apache/storm/scheduler/resource/strategies/scheduling/TestLargeCluster.java,Yes
storm-server/src/test/java/org/apache/storm/scheduler/resource/strategies/scheduling/sorter/TestNodeSorterHostProximity.java,Yes
storm-webapp/src/main/java/org/apache/storm/daemon/drpc/webapp/ReqContextFilter.java,Yes
storm-webapp/src/main/java/org/apache/storm/daemon/logviewer/handler/LogviewerProfileHandler.java,Yes
storm-webapp/src/main/java/org/apache/storm/daemon/logviewer/utils/LogFileDownloader.java,Yes
storm-webapp/src/main/java/org/apache/storm/daemon/logviewer/utils/LogviewerResponseBuilder.java,Yes
storm-webapp/src/main/java/org/apache/storm/daemon/logviewer/webapp/LogviewerResource.java,Yes
storm-webapp/src/main/java/org/apache/storm/daemon/ui/exceptionmappers/NotAliveExceptionMapper.java,Yes
storm-webapp/src/test/java/org/apache/storm/daemon/logviewer/handler/LogviewerLogDownloadHandlerTest.java,Yes
storm-webapp/src/test/java/org/apache/storm/daemon/logviewer/handler/LogviewerProfileHandlerTest.java,Yes
